Index,DeployID,Ptt,Instr,GeoDay,GeoTime,GeoLong,GeoLongError,GeoLat,GeoLatMSD,GeoLatU,GeoLatSError,GeoLatNError,Day,Time,Time Offset,Count,InitLocQ,InitLocTime,InitLat,InitLong,SSTTime,SSTDepth,SSTTemp,Type,Delta,MinDepth,MaxDepth,AttenShallow,AttenDeep,TravelMetric,FoundPrevious,K,LL0,Depth0,LL1,Depth1,LL2,Depth2,LL3,Depth3,LL4,Depth4,LL5,Depth5,LL6,Depth6,LL7,Depth7,LL8,Depth8,LL9,Depth9,LL10,Depth10,LL11,Depth11
,Cow shark 1,117484,MK10,,,,,,,,,,28-May-2013,12:00:00,0,,,28-May-2013 12:00,99,0,,,,Begin
,Cow shark 1,117484,MK10,,,,,,,,,,13-Oct-2013,01:40:00,0,,,13-Oct-2013 01:40,99,0,,,,End
0,Cow shark 1,117484,MK10,29-May-2013,10:41:14,19.02914,0.6926641,-36,1.781582,7.126328,2,2,29-May-2013,05:02:00,0,0,,,,,29-May-2013 01:00,5.0,16.10,Dawn,360,9,15,,,,,2428,100,12,110,12,121,9,130,12,142,12,155,10,162,12,167,14,170,11,174,13,177,15,179,13,
1,Cow shark 1,117484,MK10,29-May-2013,22:41:23,19.02362,0.6078534,-36.5,1.563401,5.471902,1.5,2,29-May-2013,14:47:00,0,0,,,,,29-May-2013 19:00,3.0,16.10,Dusk,480,8,13,,,,,23373,173,12,170,12,168,12,165,12,157,13,151,11,149,13,144,12,135,13,118,12,104,12,91,8,
2,Cow shark 1,117484,MK10,30-May-2013,10:43:45,18.4347,0.3057783,-35,1.897407,6.640924,1.5,2,30-May-2013,04:55:00,0,0,,,,,30-May-2013 02:00,2.0,16.20,Dawn,360,5,14,,,,,41190,92,7,98,7,107,7,119,5,129,5,136,12,148,9,157,12,163,13,167,11,171,14,174,13,
3,Cow shark 1,117484,MK10,30-May-2013,22:43:19,18.57513,0.7441483,-34,1.907666,6.67683,2,1.5,30-May-2013,15:27:00,0,0,,,,,30-May-2013 16:00,2.0,16.10,Dusk,360,2,7,,,,,52257,175,3,172,5,169,5,166,4,160,4,151,5,139,5,128,2,116,7,107,3,98,3,87,3,
4,Cow shark 1,117484,MK10,31-May-2013,10:43:56,18.42119,0.2554735,-33.5,1.164448,3.493343,1.5,1.5,31-May-2013,04:58:00,0,0,,,,,31-May-2013 00:00,38.0,13.20,Dawn,360,42,46,,,,,26042,90,45,99,45,111,44,122,42,132,44,142,44,150,44,156,44,161,45,165,45,170,46,173,46,
5,Cow shark 1,117484,MK10,31-May-2013,22:44:41,18.27246,0.1,-33.5,1.059482,2.648705,1.5,1,31-May-2013,15:33:00,0,0,,,,,31-May-2013 22:00,26.0,14.90,Dusk,360,39,41,,,,,22930,168,41,164,41,160,41,154,41,147,41,137,41,126,41,114,40,103,40,92,39,83,39,75,39,
6,Cow shark 1,117484,MK10,01-Jun-2013,10:43:18,18.61703,0.5155109,-35.5,2.815593,14.07796,2.5,2.5,01-Jun-2013,05:15:00,0,0,,,,,01-Jun-2013 02:00,18.0,14.90,Dawn,360,37,39,,,,,62235,108,37,117,37,124,38,131,38,139,38,149,39,153,39,154,39,157,39,160,39,-162,39,161,39,
7,Cow shark 1,117484,MK10,01-Jun-2013,22:41:13,19.17685,0.3291491,-34.5,2.934891,13.20701,2.5,2,01-Jun-2013,15:35:00,0,0,,,,,01-Jun-2013 22:00,1.0,15.70,Dusk,360,36,40,,,,,15629,161,37,156,37,149,37,138,37,132,38,127,38,114,37,102,36,92,38,83,37,75,38,69,40,
8,Cow shark 1,117484,MK10,02-Jun-2013,10:41:24,19.13172,0.4179611,-35.5,4.034575,22.19016,3,2.5,02-Jun-2013,04:40:00,0,0,,,,,02-Jun-2013 06:00,0.0,15.20,Dawn,480,2,5,,,,,18552,77,2,80,4,85,5,95,3,105,5,120,4,133,3,145,2,152,2,160,3,-164,3,162,2,
9,Cow shark 1,117484,MK10,02-Jun-2013,22:43:50,18.56577,0.5266413,-36.5,4.019536,22.10745,3,2.5,02-Jun-2013,15:39:00,0,0,,,,,02-Jun-2013 17:00,0.0,14.50,Dusk,360,1,9,,,,,30408,162,8,158,8,151,8,139,7,128,9,117,8,106,8,98,5,90,6,81,3,73,1,69,1,
10,Cow shark 1,117484,MK10,03-Jun-2013,10:48:55,17.29416,0.7685405,-34,2.121672,8.48669,2.5,1.5,03-Jun-2013,04:52:00,0,0,,,,,03-Jun-2013 02:00,0.0,14.40,Dawn,360,4,9,,,,,39936,76,4,84,5,91,7,99,8,108,8,119,9,131,7,139,7,140,6,150,8,157,7,162,8,
11,Cow shark 1,117484,MK10,03-Jun-2013,22:49:09,17.27754,0.6229645,-34,1.808974,6.331409,2,1.5,03-Jun-2013,15:19:00,0,0,,,,,03-Jun-2013 17:00,0.0,14.80,Dusk,480,0,8,,,,,8811,165,7,160,7,155,8,151,7,143,7,135,6,118,5,105,5,95,1,78,3,72,0,64,1,
12,Cow shark 1,117484,MK10,04-Jun-2013,10:43:15,18.75268,0.8678247,-37,4.692279,28.15368,3.5,2.5,04-Jun-2013,04:54:00,0,0,,,,,04-Jun-2013 00:00,0.0,14.80,Dawn,360,1,5,,,,,9226,79,2,87,1,96,3,107,2,117,3,126,3,139,3,149,4,158,2,162,3,165,5,172,2,
13,Cow shark 1,117484,MK10,04-Jun-2013,22:41:50,19.14785,1.248885,-35.5,4.068381,24.41029,3.5,2.5,04-Jun-2013,15:39:00,0,0,,,,,04-Jun-2013 15:00,0.0,15.00,Dusk,360,0,5,,,,,65263,163,2,159,0,148,1,140,0,128,5,121,2,109,3,99,3,90,1,78,1,69,0,62,1,
14,Cow shark 1,117484,MK10,05-Jun-2013,10:45:22,18.26653,0.4167399,-34.5,1.62435,5.685225,2,1.5,05-Jun-2013,04:49:00,0,0,,,,,05-Jun-2013 00:00,0.0,15.10,Dawn,480,3,8,,,,,38970,72,3,82,5,95,7,109,8,124,7,138,7,151,7,161,6,167,4,173,6,174,6,178,5,
15,Cow shark 1,117484,MK10,05-Jun-2013,22:46:10,18.11108,0.4406971,-35,1.629127,4.887382,1.5,1.5,05-Jun-2013,15:24:00,0,0,,,,,05-Jun-2013 16:00,0.0,15.40,Dusk,480,0,8,,,,,8519,173,7,169,8,166,3,159,2,148,1,133,2,119,0,105,2,96,0,81,2,71,1,64,0,
16,Cow shark 1,117484,MK10,06-Jun-2013,10:45:24,18.30242,0.2989289,-35,1.136409,2.841022,1.5,1,06-Jun-2013,04:55:00,0,0,,,,,06-Jun-2013 00:00,0.0,15.30,Dawn,480,1,8,,,,,48272,84,3,97,1,108,3,122,4,136,5,151,7,162,7,169,8,175,7,179,6,181,8,184,7,
17,Cow shark 1,117484,MK10,06-Jun-2013,22:45:46,18.256,0.9248059,-35.5,1.487042,4.461125,1.5,1.5,06-Jun-2013,15:01:00,0,0,,,,,06-Jun-2013 16:00,0.0,15.70,Dusk,600,1,6,,,,,50415,180,5,178,6,176,6,171,3,164,6,154,1,137,3,117,4,102,1,85,4,74,3,68,3,
18,Cow shark 1,117484,MK10,07-Jun-2013,10:45:43,18.27004,0.3040566,-35.5,1.516936,6.067744,2,2,07-Jun-2013,04:53:00,0,0,,,,,07-Jun-2013 06:00,1.0,15.70,Dawn,480,2,10,,,,,53683,75,6,86,6,99,5,115,5,129,7,144,9,155,8,163,10,171,6,175,6,180,5,185,2,
19,Cow shark 1,117484,MK10,07-Jun-2013,22:48:41,17.57396,0.8289139,-34,2.504598,11.27069,2.5,2,07-Jun-2013,14:39:00,0,0,,,,,07-Jun-2013 16:00,0.0,15.90,Dusk,720,0,9,,,,,54214,184,9,182,4,-176,7,178,6,168,4,160,6,151,1,132,2,111,2,94,0,78,0,67,1,
20,Cow shark 1,117484,MK10,08-Jun-2013,10:41:30,19.36849,0.2917425,-37,3.780329,18.90165,2.5,2.5,08-Jun-2013,04:52:00,0,0,,,,,08-Jun-2013 07:00,0.0,15.80,Dawn,360,4,8,,,,,25784,72,6,79,4,89,8,99,5,111,7,122,8,130,7,143,6,152,6,158,6,163,4,166,5,
21,Cow shark 1,117484,MK10,08-Jun-2013,22:42:46,19.09981,0.1,-37,4.370697,24.03884,3,2.5,08-Jun-2013,15:33:00,0,0,,,,,08-Jun-2013 20:00,1.0,15.70,Dusk,360,4,8,,,,,64683,165,8,158,7,151,7,145,6,132,5,120,8,107,4,99,8,90,7,83,8,76,5,64,7,
22,Cow shark 1,117484,MK10,09-Jun-2013,10:45:57,18.3049,0.3661268,-36,3.952325,19.76162,2.5,2.5,09-Jun-2013,04:52:00,0,0,,,,,09-Jun-2013 05:00,0.0,15.30,Dawn,360,0,5,,,,,60575,67,4,78,1,84,5,95,2,107,1,117,2,128,3,139,2,152,0,156,2,162,2,164,3,
23,Cow shark 1,117484,MK10,09-Jun-2013,22:44:08,18.81079,0.7611377,-36,2.681982,10.72793,2,2,09-Jun-2013,15:35:00,0,0,,,,,09-Jun-2013 18:00,0.0,15.70,Dusk,360,1,10,,,,,40561,162,1,155,7,148,7,142,6,132,7,123,7,111,6,100,4,90,3,81,2,71,6,61,10,
24,Cow shark 1,117484,MK10,10-Jun-2013,10:45:01,18.58792,0.2781296,-36,1.514329,4.542987,1.5,1.5,10-Jun-2013,04:49:00,0,0,,,,,10-Jun-2013 01:00,0.0,15.50,Dawn,480,1,5,,,,,61923,63,4,74,2,88,2,101,1,115,3,129,1,141,2,154,2,161,1,166,3,171,3,173,5,
25,Cow shark 1,117484,MK10,10-Jun-2013,22:44:41,18.72145,0.3153436,-35.5,1.436942,4.310825,1.5,1.5,10-Jun-2013,15:25:00,0,0,,,,,10-Jun-2013 16:00,0.0,15.70,Dusk,480,2,5,,,,,10517,171,5,167,4,161,2,152,2,138,3,125,2,112,4,97,4,85,4,73,5,64,3,59,3,
26,Cow shark 1,117484,MK10,11-Jun-2013,10:44:55,18.66517,0.1057264,-35.5,1.184148,2.960371,1,1.5,11-Jun-2013,05:00:00,0,0,,,,,11-Jun-2013 01:00,0.0,15.60,Dawn,480,2,6,,,,,29848,81,3,93,4,107,4,121,4,136,4,148,4,157,3,165,2,169,5,173,5,174,6,177,3,
27,Cow shark 1,117484,MK10,11-Jun-2013,22:45:33,18.558,0.6479601,-35.5,1.336287,4.008862,1.5,1.5,11-Jun-2013,15:24:00,0,0,,,,,11-Jun-2013 15:00,0.0,15.70,Dusk,480,0,3,,,,,28389,175,1,168,3,163,3,156,3,144,1,130,0,114,0,101,0,88,0,78,0,72,0,68,1,
28,Cow shark 1,117484,MK10,12-Jun-2013,10:45:31,18.56619,0.8253581,-35.5,1.479488,4.438463,1.5,1.5,12-Jun-2013,04:51:00,0,0,,,,,12-Jun-2013 06:00,0.0,15.50,Dawn,480,0,6,,,,,24016,69,4,81,4,92,3,107,5,120,6,133,4,148,4,159,1,165,4,171,0,176,0,180,0,
29,Cow shark 1,117484,MK10,12-Jun-2013,22:44:50,18.78624,0.3610387,-35,1.289157,3.867471,1.5,1.5,12-Jun-2013,15:27:00,0,0,,,,,12-Jun-2013 15:00,0.0,15.60,Dusk,480,0,5,,,,,37319,173,1,166,2,161,0,152,0,140,0,124,0,110,1,97,0,87,0,75,0,70,0,65,5,
30,Cow shark 1,117484,MK10,13-Jun-2013,10:45:06,18.72222,0.1683663,-35,1.102453,2.756133,1,1.5,13-Jun-2013,04:52:00,0,0,,,,,13-Jun-2013 03:00,0.0,15.50,Dawn,480,0,6,,,,,36315,71,4,82,2,92,5,107,3,122,2,139,0,154,0,163,0,166,1,172,1,176,0,179,6,
31,Cow shark 1,117484,MK10,13-Jun-2013,22:51:37,17.14505,1.032436,-37,3.736383,20.55011,3,2.5,13-Jun-2013,15:24:00,0,0,,,,,13-Jun-2013 15:00,0.0,15.20,Dusk,600,0,2,,,,,17631,175,0,169,0,162,0,149,0,130,1,109,0,96,0,82,1,71,1,65,0,-66,0,60,2,
32,Cow shark 1,117484,MK10,14-Jun-2013,10:48:58,17.80445,0.2612479,-37.5,4.178679,20.89339,3,2,14-Jun-2013,04:56:00,0,0,,,,,14-Jun-2013 00:00,0.0,14.60,Dawn,360,6,9,,,,,11297,72,8,78,6,89,7,99,7,107,7,115,7,123,6,137,7,150,7,159,7,164,9,168,8,
33,Cow shark 1,117484,MK10,14-Jun-2013,22:45:29,18.73101,0.5086153,-36,2.765029,11.06012,2,2,14-Jun-2013,15:26:00,0,0,,,,,14-Jun-2013 16:00,0.0,14.70,Dusk,480,0,5,,,,,28060,167,4,164,5,158,4,147,5,134,5,122,2,109,3,98,1,87,3,76,3,70,4,68,0,
34,Cow shark 1,117484,MK10,15-Jun-2013,10:46:22,18.50964,0.2869596,-35.5,2.179649,8.718597,2,2,15-Jun-2013,05:06:00,0,0,,,,,15-Jun-2013 00:00,0.0,14.60,Dawn,480,0,3,,,,,4894,94,0,107,0,118,0,133,0,147,2,159,1,167,1,172,0,174,1,177,3,179,3,183,1,
35,Cow shark 1,117484,MK10,15-Jun-2013,22:46:50,18.44595,0.777013,-35,2.23862,8.95448,2.5,1.5,15-Jun-2013,15:19:00,0,0,,,,,15-Jun-2013 16:00,0.0,14.60,Dusk,480,1,5,,,,,51983,176,3,174,3,170,1,164,1,155,5,142,3,126,3,113,3,100,1,89,2,80,1,78,1,
36,Cow shark 1,117484,MK10,16-Jun-2013,10:46:33,18.51645,0.4512473,-35,1.475085,4.425254,1.5,1.5,16-Jun-2013,05:10:00,0,0,,,,,16-Jun-2013 00:00,0.0,14.70,Dawn,480,1,8,,,,,52200,102,2,114,4,128,5,144,1,158,3,166,5,172,4,176,4,180,6,183,5,186,6,188,8,
37,Cow shark 1,117484,MK10,16-Jun-2013,22:45:46,18.76579,0.312136,-35,1.414468,4.243405,1.5,1.5,16-Jun-2013,15:14:00,0,0,,,,,16-Jun-2013 16:00,0.0,15.00,Dusk,480,0,9,,,,,22390,180,9,177,6,175,6,169,3,162,0,151,5,137,5,122,5,109,6,97,1,88,2,84,2,
38,Cow shark 1,117484,MK10,17-Jun-2013,10:47:05,18.43723,0.4884368,-34.5,1.862452,5.587356,1.5,1.5,17-Jun-2013,05:07:00,0,0,,,,,17-Jun-2013 00:00,0.0,14.90,Dawn,360,0,4,,,,,58741,96,1,105,2,115,2,127,2,139,2,149,2,159,0,166,0,168,4,173,4,176,3,179,4,
39,Cow shark 1,117484,MK10,17-Jun-2013,22:48:01,18.25735,0.4504197,-35,1.965264,6.878426,1.5,2,17-Jun-2013,15:17:00,0,0,,,,,17-Jun-2013 16:00,0.0,15.30,Dusk,480,0,6,,,,,57937,176,4,174,5,171,6,167,1,159,2,147,2,134,0,118,4,105,1,96,0,88,2,87,2,
40,Cow shark 1,117484,MK10,18-Jun-2013,10:46:42,18.58736,0.1067104,-35.5,1.319148,3.297871,1,1.5,18-Jun-2013,05:10:00,0,0,,,,,18-Jun-2013 00:00,0.0,15.20,Dawn,360,1,8,,,,,48077,100,3,110,2,120,3,130,7,142,5,153,1,161,2,167,1,172,3,175,3,178,8,180,7,
41,Cow shark 1,117484,MK10,18-Jun-2013,22:46:58,18.57494,0.1,-35.5,1.170261,2.925653,1,1.5,18-Jun-2013,15:23:00,0,0,,,,,18-Jun-2013 16:00,0.0,15.50,Dusk,360,0,6,,,,,46944,175,6,169,6,164,4,162,4,157,4,147,2,139,1,129,2,116,0,105,2,98,2,87,1,
42,Cow shark 1,117484,MK10,19-Jun-2013,10:48:12,18.26767,0.2029891,-35,1.434002,4.302006,1.5,1.5,19-Jun-2013,05:18:00,0,0,,,,,19-Jun-2013 00:00,0.0,15.40,Dawn,360,0,3,,,,,10315,107,0,118,1,129,1,141,0,149,0,156,1,163,0,167,0,172,1,173,2,176,3,177,3,
43,Cow shark 1,117484,MK10,19-Jun-2013,22:47:06,18.59747,0.4036861,-34.5,1.481873,4.44562,1.5,1.5,19-Jun-2013,15:29:00,0,0,,,,,19-Jun-2013 16:00,0.0,15.20,Dusk,360,0,4,,,,,50106,174,2,170,4,167,1,160,3,155,1,144,2,133,2,122,0,111,1,102,3,96,1,92,3,
44,Cow shark 1,117484,MK10,20-Jun-2013,10:47:20,18.53798,0.8305482,-35.5,3.143973,15.71986,2.5,2.5,20-Jun-2013,05:16:00,0,0,,,,,20-Jun-2013 00:00,0.0,14.90,Dawn,360,2,8,,,,,37189,107,4,115,6,128,3,140,3,149,2,155,6,162,5,166,3,170,3,173,4,175,8,177,6,
45,Cow shark 1,117484,MK10,20-Jun-2013,22:50:08,17.89137,0.7990434,-36.5,3.728105,22.36863,3,3,20-Jun-2013,15:22:00,0,0,,,,,20-Jun-2013 15:00,0.0,15.00,Dusk,360,0,4,,,,,45765,174,1,172,4,169,0,167,0,159,1,152,1,141,3,130,1,122,0,113,1,103,1,96,0,
46,Cow shark 1,117484,MK10,21-Jun-2013,10:51:40,17.50823,0.3481997,-34,1.750745,6.127608,2,1.5,21-Jun-2013,05:29:00,0,0,,,,,21-Jun-2013 02:00,0.0,14.70,Dawn,360,2,6,,,,,22648,128,3,140,2,149,4,157,5,163,3,168,6,173,2,175,6,179,4,-183,3,-182,5,181,5,
47,Cow shark 1,117484,MK10,21-Jun-2013,22:49:01,18.2235,0.1,-33,1.219685,3.049212,1.5,1,21-Jun-2013,15:28:00,0,0,,,,,21-Jun-2013 16:00,0.0,14.60,Dusk,360,0,5,,,,,27368,168,2,162,3,160,5,157,2,154,2,144,1,133,2,121,3,112,2,102,1,95,0,92,2,
48,Cow shark 1,117484,MK10,22-Jun-2013,10:50:22,17.88861,0.473649,-34.5,3.452449,18.98847,3,2.5,22-Jun-2013,05:29:00,0,0,,,,,22-Jun-2013 00:00,0.0,14.50,Dawn,360,1,9,,,,,22823,127,1,136,1,139,4,147,2,154,1,160,4,163,4,164,5,167,9,168,5,171,5,177,2,
49,Cow shark 1,117484,MK10,,,,,,,,,,22-Jun-2013,15:24:00,0,0,,,,,22-Jun-2013 17:00,17.0,15.20,Dusk,360,35,40,,,,,11442,151,40,151,40,149,40,145,40,140,40,133,39,123,39,113,38,102,36,90,38,84,37,-86,35,
50,Cow shark 1,117484,MK10,,,,,,,,,,23-Jun-2013,05:50:00,0,0,,,,,23-Jun-2013 04:00,31.0,14.80,Dawn,360,37,39,,,,,28383,126,37,126,38,131,38,135,37,139,38,141,38,141,39,-141,39,140,38,140,39,140,39,141,39,
51,Cow shark 1,117484,MK10,23-Jun-2013,22:49:51,18.12659,0.1341479,-35.5,1.593966,4.781899,1.5,1.5,23-Jun-2013,15:21:00,0,0,,,,,23-Jun-2013 17:00,32.0,15.10,Dusk,360,39,40,,,,,11250,133,39,130,39,127,39,125,39,120,40,114,39,105,40,94,40,82,40,73,40,68,39,62,40,
52,Cow shark 1,117484,MK10,24-Jun-2013,10:52:06,17.56234,0.7267323,-34,2.428416,12.14208,2.5,2.5,24-Jun-2013,05:33:00,0,0,,,,,24-Jun-2013 07:00,0.0,14.60,Dawn,360,5,23,,,,,19139,111,23,123,16,133,14,142,11,148,7,151,7,154,8,156,5,158,7,160,5,160,7,161,7,
53,Cow shark 1,117484,MK10,24-Jun-2013,22:54:05,17.12052,0.3854671,-32.5,1.471733,4.415199,1.5,1.5,24-Jun-2013,15:19:00,0,0,,,,,24-Jun-2013 15:00,0.0,14.50,Dusk,360,0,5,,,,,31236,164,2,157,2,152,0,151,3,150,3,146,5,138,4,132,4,122,3,113,5,104,4,94,2,
54,Cow shark 1,117484,MK10,25-Jun-2013,10:50:35,17.9943,0.8755024,-35,2.48663,9.946521,2,2,25-Jun-2013,05:21:00,0,0,,,,,25-Jun-2013 01:00,0.0,14.40,Dawn,360,0,5,,,,,12654,114,4,125,3,135,5,147,0,155,2,161,3,166,3,171,3,175,3,178,1,180,0,181,3,
55,Cow shark 1,117484,MK10,25-Jun-2013,22:50:10,18.15175,0.326638,-35,2.50082,10.00328,2,2,25-Jun-2013,15:29:00,0,0,,,,,25-Jun-2013 16:00,0.0,14.10,Dusk,360,1,6,,,,,26218,169,6,-172,5,165,6,159,6,152,4,143,4,134,1,122,3,113,3,101,3,92,4,84,1,
56,Cow shark 1,117484,MK10,26-Jun-2013,10:49:48,18.24319,0.1140125,-34.5,1.85288,6.485079,2,1.5,26-Jun-2013,05:27:00,0,0,,,,,26-Jun-2013 00:00,1.0,14.00,Dawn,360,4,7,,,,,60973,125,4,135,5,146,7,155,6,161,7,167,5,171,4,175,5,176,5,177,5,179,5,181,5,
57,Cow shark 1,117484,MK10,26-Jun-2013,22:48:01,18.73985,0.1,-34,2.163447,7.572065,2,1.5,26-Jun-2013,15:35:00,0,0,,,,,26-Jun-2013 16:00,0.0,14.10,Dusk,360,1,4,,,,,26865,169,4,166,4,161,2,155,2,146,1,135,4,124,1,112,3,103,3,93,4,83,3,74,2,
58,Cow shark 1,117484,MK10,27-Jun-2013,10:47:11,18.95033,0.3325445,-35.5,4.135562,22.74559,3,2.5,27-Jun-2013,05:23:00,0,0,,,,,27-Jun-2013 00:00,0.0,14.10,Dawn,360,3,7,,,,,39694,112,6,123,3,132,4,143,4,150,6,156,3,-163,4,162,5,-161,6,165,5,165,7,172,4,
59,Cow shark 1,117484,MK10,27-Jun-2013,22:46:02,19.28825,0.6920309,-35,3.664824,16.49171,2.5,2,27-Jun-2013,15:38:00,0,0,,,,,27-Jun-2013 16:00,0.0,15.70,Dusk,360,1,6,,,,,13888,170,5,167,4,161,2,151,1,141,6,129,2,119,2,109,2,97,1,88,2,80,1,73,2,
60,Cow shark 1,117484,MK10,28-Jun-2013,10:47:54,18.82286,0.2080708,-34,1.624785,4.874355,1.5,1.5,28-Jun-2013,05:05:00,0,0,,,,,28-Jun-2013 03:00,0.0,15.50,Dawn,360,1,8,,,,,50153,93,3,99,2,108,2,119,2,128,2,138,2,150,1,158,5,162,5,164,8,168,7,170,7,
61,Cow shark 1,117484,MK10,28-Jun-2013,22:50:33,18.20977,0.7428771,-35,1.712215,5.992751,2,1.5,28-Jun-2013,15:31:00,0,0,,,,,28-Jun-2013 16:00,0.0,15.90,Dusk,360,1,7,,,,,10474,173,5,170,4,166,6,160,6,154,3,144,1,132,1,121,1,111,3,98,7,90,2,83,1,
62,Cow shark 1,117484,MK10,29-Jun-2013,10:53:01,17.59242,0.8711618,-34.5,2.094353,9.424587,2.5,2,29-Jun-2013,05:13:00,0,0,,,,,29-Jun-2013 05:00,0.0,15.70,Dawn,480,2,8,,,,,53222,98,4,110,6,124,7,137,6,149,8,159,5,166,2,171,3,176,6,179,3,179,6,183,5,
63,Cow shark 1,117484,MK10,29-Jun-2013,22:49:57,18.40869,0.2547832,-33.5,1.188533,3.565598,1.5,1.5,29-Jun-2013,15:15:00,0,0,,,,,29-Jun-2013 16:00,0.0,15.70,Dusk,480,0,6,,,,,20510,176,4,173,5,168,5,164,3,160,5,154,0,137,5,124,6,110,2,96,5,85,1,75,2,
64,Cow shark 1,117484,MK10,30-Jun-2013,10:48:09,18.86047,0.9544065,-34.5,1.972762,7.891047,2,2,30-Jun-2013,05:11:00,0,0,,,,,30-Jun-2013 00:00,0.0,15.60,Dawn,600,3,9,,,,,50059,93,3,109,4,129,4,149,3,160,4,167,4,170,9,176,4,179,7,183,4,191,7,191,8,
65,Cow shark 1,117484,MK10,30-Jun-2013,22:49:52,18.4784,0.1109683,-34.5,1.516316,6.065264,2,2,30-Jun-2013,15:11:00,0,0,,,,,30-Jun-2013 17:00,0.0,15.70,Dusk,480,0,6,,,,,45600,183,6,178,5,175,4,169,5,164,4,156,4,147,3,133,4,119,3,105,3,92,3,81,0,
66,Cow shark 1,117484,MK10,01-Jul-2013,10:49:51,18.48528,0.9967905,-36,2.46215,9.8486,2,2,01-Jul-2013,05:17:00,0,0,,,,,01-Jul-2013 02:00,1.0,15.50,Dawn,360,3,9,,,,,37979,103,8,113,9,124,8,135,8,144,9,154,5,159,4,166,6,166,3,170,3,174,4,180,5,
67,Cow shark 1,117484,MK10,01-Jul-2013,22:49:11,18.69834,0.6394221,-36,1.972208,6.902727,2,1.5,01-Jul-2013,15:29:00,0,0,,,,,01-Jul-2013 16:00,0.0,15.60,Dusk,360,0,6,,,,,8845,170,5,168,1,163,4,159,2,154,1,143,4,129,4,119,6,108,4,98,1,90,3,82,0,
68,Cow shark 1,117484,MK10,02-Jul-2013,10:50:27,18.38195,0.7073157,-35.5,1.946969,6.814393,2,1.5,02-Jul-2013,05:11:00,0,0,,,,,02-Jul-2013 03:00,0.0,15.40,Dawn,360,0,5,,,,,53851,95,4,106,0,116,2,124,4,137,1,148,1,155,1,160,2,164,5,169,3,173,4,178,1,
69,Cow shark 1,117484,MK10,02-Jul-2013,22:50:25,18.43735,0.458705,-35.5,2.082488,7.288709,2,1.5,02-Jul-2013,15:27:00,0,0,,,,,02-Jul-2013 16:00,0.0,15.50,Dusk,360,0,5,,,,,43105,170,4,169,2,166,4,161,5,156,5,149,2,137,4,126,5,118,0,107,3,98,1,88,2,
70,Cow shark 1,117484,MK10,03-Jul-2013,10:49:59,18.54387,0.2434156,-35.5,1.693198,5.079594,1.5,1.5,03-Jul-2013,05:14:00,0,0,,,,,03-Jul-2013 02:00,0.0,15.30,Dawn,360,1,9,,,,,11368,100,2,109,2,120,1,130,3,142,1,151,1,159,5,166,3,169,5,172,6,174,9,177,7,
71,Cow shark 1,117484,MK10,03-Jul-2013,22:49:56,18.60347,0.1134551,-35.5,1.806115,5.418344,1.5,1.5,03-Jul-2013,15:33:00,0,0,,,,,03-Jul-2013 17:00,0.0,15.20,Dusk,360,5,9,,,,,7917,172,7,169,9,165,6,159,8,151,8,141,7,130,8,119,7,109,6,98,7,87,5,80,5,
72,Cow shark 1,117484,MK10,04-Jul-2013,10:51:44,18.15292,0.1,-34.5,1.463301,4.389903,1.5,1.5,04-Jul-2013,05:11:00,0,0,,,,,04-Jul-2013 03:00,1.0,15.00,Dawn,360,7,18,,,,,55767,87,16,97,18,106,13,120,7,132,10,142,9,152,7,158,8,163,8,166,8,168,11,171,8,
73,Cow shark 1,117484,MK10,04-Jul-2013,22:51:08,18.34949,0.3017865,-34,1.473541,4.420622,1.5,1.5,04-Jul-2013,15:07:00,0,0,,,,,04-Jul-2013 20:00,15.0,14.70,Dusk,480,37,38,,,,,18306,152,37,149,38,147,38,145,38,141,38,135,37,129,38,117,38,103,38,87,38,74,38,66,37,
74,Cow shark 1,117484,MK10,05-Jul-2013,10:50:01,18.62659,0.1000468,-34,1.237925,3.094814,1.5,1,05-Jul-2013,05:22:00,0,0,,,,,05-Jul-2013 01:00,15.0,14.80,Dawn,360,38,38,,,,,13821,85,38,98,38,110,38,120,38,129,38,135,38,139,38,142,38,145,38,147,38,150,38,152,38,
75,Cow shark 1,117484,MK10,05-Jul-2013,22:50:18,18.5997,0.514264,-34.5,1.713533,5.140598,1.5,1.5,05-Jul-2013,15:29:00,0,0,,,,,05-Jul-2013 19:00,12.0,14.80,Dusk,360,38,38,,,,,9154,149,38,144,38,138,38,129,38,127,38,125,38,117,38,106,38,94,38,81,38,70,38,60,38,
76,Cow shark 1,117484,MK10,06-Jul-2013,10:49:50,18.71729,0.2296072,-34.5,1.913468,6.697138,2,1.5,06-Jul-2013,05:08:00,0,0,,,,,06-Jul-2013 02:00,20.0,14.70,Dawn,360,30,40,,,,,28753,69,33,80,30,90,38,103,40,116,35,126,38,134,33,140,37,146,34,149,34,151,39,153,39,
77,Cow shark 1,117484,MK10,06-Jul-2013,22:48:29,19.09369,0.4477122,-34,1.335239,3.338098,1.5,1,06-Jul-2013,15:36:00,0,0,,,,,06-Jul-2013 19:00,12.0,14.50,Dusk,360,32,42,,,,,62954,151,41,147,42,141,38,135,36,128,38,119,35,107,38,94,38,83,35,73,32,64,34,56,40,
78,Cow shark 1,117484,MK10,07-Jul-2013,10:51:06,18.43834,0.3384528,-33,1.130363,3.391088,1.5,1.5,07-Jul-2013,05:06:00,0,0,,,,,07-Jul-2013 00:00,10.0,14.20,Dawn,480,36,38,,,,,12180,76,36,92,37,109,37,126,37,141,37,151,37,158,38,163,37,166,38,171,37,173,36,177,36,
79,Cow shark 1,117484,MK10,07-Jul-2013,22:50:53,18.53236,0.3499396,-33,1.438642,4.315925,1.5,1.5,07-Jul-2013,15:32:00,0,0,,,,,07-Jul-2013 18:00,22.0,14.10,Dusk,480,38,40,,,,,30567,171,39,166,39,162,39,156,40,145,40,131,40,115,40,99,40,86,40,75,39,67,39,63,38,
80,Cow shark 1,117484,MK10,08-Jul-2013,10:50:14,18.69634,1.035895,-33.5,1.564017,5.474059,2,1.5,08-Jul-2013,04:58:00,0,0,,,,,08-Jul-2013 03:00,1.0,12.70,Dawn,600,2,8,,,,,38872,79,4,95,5,111,6,130,6,146,5,162,5,167,7,171,6,177,4,-182,2,180,8,183,8,
81,Cow shark 1,117484,MK10,08-Jul-2013,22:53:29,17.92245,1.442151,-35.5,2.341352,9.36541,2,2,08-Jul-2013,15:21:00,0,0,,,,,08-Jul-2013 17:00,0.0,12.90,Dusk,600,0,6,,,,,64228,181,5,175,5,170,5,162,6,151,5,132,5,115,4,98,2,84,2,74,3,72,1,67,0,
82,Cow shark 1,117484,MK10,09-Jul-2013,10:52:25,18.18746,0.3767836,-36,2.622646,10.49058,2,2,09-Jul-2013,04:55:00,0,0,,,,,09-Jul-2013 01:00,0.0,12.60,Dawn,480,3,10,,,,,60760,79,4,89,5,104,4,115,7,127,6,140,10,155,4,167,6,173,3,175,7,179,6,180,6,
83,Cow shark 1,117484,MK10,09-Jul-2013,22:50:57,18.59123,0.7202519,-35.5,1.579425,4.738276,1.5,1.5,09-Jul-2013,15:34:00,0,0,,,,,09-Jul-2013 23:00,0.0,13.60,Dusk,480,3,11,,,,,52352,175,11,171,10,166,10,156,8,143,9,130,8,117,5,103,7,91,4,79,3,71,4,64,3,
84,Cow shark 1,117484,MK10,10-Jul-2013,10:51:54,18.35553,0.5919597,-35,1.384872,4.154615,1.5,1.5,10-Jul-2013,04:54:00,0,0,,,,,10-Jul-2013 00:00,0.0,13.80,Dawn,480,0,8,,,,,44680,73,0,85,0,97,1,113,0,124,1,138,0,153,2,163,5,170,7,175,7,179,7,182,8,
85,Cow shark 1,117484,MK10,10-Jul-2013,22:53:32,17.98213,0.1,-36.5,1.81588,5.447641,1.5,1.5,10-Jul-2013,15:33:00,0,0,,,,,10-Jul-2013 16:00,0.0,14.10,Dusk,480,0,2,,,,,1532,175,2,172,2,166,1,158,2,147,1,131,2,117,2,103,1,90,1,78,1,71,0,66,0,
86,Cow shark 1,117484,MK10,11-Jul-2013,10:53:46,17.92256,0.1,-36.5,1.775985,5.327954,1.5,1.5,11-Jul-2013,04:52:00,0,0,,,,,11-Jul-2013 00:00,0.0,14.00,Dawn,480,0,8,,,,,40543,71,5,80,6,95,1,109,0,120,0,134,2,147,6,160,4,170,2,177,0,179,8,183,8,
87,Cow shark 1,117484,MK10,11-Jul-2013,22:51:36,18.49539,0.1,-35,1.293537,3.233843,1.5,1,11-Jul-2013,15:31:00,0,0,,,,,11-Jul-2013 16:00,0.0,14.30,Dusk,480,0,5,,,,,26322,177,4,173,2,169,3,162,3,151,2,136,2,121,1,109,0,94,1,83,1,68,5,58,4,
88,Cow shark 1,117484,MK10,12-Jul-2013,10:51:39,18.48348,0.704073,-35,2.574146,11.58366,2.5,2,12-Jul-2013,05:04:00,0,0,,,,,12-Jul-2013 00:00,0.0,14.20,Dawn,360,5,8,,,,,12311,83,5,91,6,103,7,113,7,125,7,134,7,143,8,152,8,157,8,162,8,168,7,170,5,
89,Cow shark 1,117484,MK10,12-Jul-2013,22:51:00,18.67873,0.5185834,-34.5,2.617143,11.77714,2.5,2,12-Jul-2013,15:46:00,0,0,,,,,12-Jul-2013 15:00,0.0,14.30,Dusk,360,0,7,,,,,64656,165,1,161,7,154,4,147,3,135,0,126,0,114,5,104,3,95,1,86,0,77,7,71,5,
90,Cow shark 1,117484,MK10,13-Jul-2013,10:52:20,18.34675,0.1,-34,1.454441,4.363322,1.5,1.5,13-Jul-2013,05:09:00,0,0,,,,,13-Jul-2013 05:00,15.0,14.40,Dawn,360,37,39,,,,,35512,78,39,85,39,97,38,108,37,120,38,132,37,139,37,144,37,148,37,152,37,154,37,156,37,
91,Cow shark 1,117484,MK10,13-Jul-2013,22:53:16,18.14155,0.1,-34.5,1.415716,4.247148,1.5,1.5,13-Jul-2013,15:36:00,0,0,,,,,13-Jul-2013 18:00,15.0,14.40,Dusk,360,37,37,,,,,32234,151,37,149,37,145,37,141,37,135,37,128,37,117,37,105,37,94,37,82,37,72,37,65,37,
92,Cow shark 1,117484,MK10,14-Jul-2013,10:53:13,18.15355,0.1,-34.5,1.56076,5.462662,2,1.5,14-Jul-2013,05:38:00,0,0,,,,,14-Jul-2013 00:00,17.0,14.30,Dawn,360,31,40,,,,,32851,124,33,130,38,134,40,142,37,146,36,148,34,150,35,152,32,154,31,156,32,156,33,-155,35,
93,Cow shark 1,117484,MK10,14-Jul-2013,22:54:14,17.92394,0.2215196,-36.5,2.837754,14.18877,2.5,2.5,14-Jul-2013,15:40:00,0,0,,,,,14-Jul-2013 18:00,15.0,14.30,Dusk,360,37,39,,,,,24606,139,38,136,39,132,38,127,38,119,38,110,38,98,38,86,39,76,37,69,38,66,38,-67,38,
94,Cow shark 1,117484,MK10,15-Jul-2013,10:53:59,17.98946,0.2253667,-36,2.25311,9.012441,2,2,15-Jul-2013,05:36:00,0,0,,,,,15-Jul-2013 03:00,15.0,14.40,Dawn,360,39,40,,,,,40484,102,39,115,40,125,39,130,40,136,39,139,40,141,40,141,40,143,39,146,40,150,39,152,39,
95,Cow shark 1,117484,MK10,15-Jul-2013,22:50:49,18.80649,0.1015937,-33.5,1.359776,4.079328,1.5,1.5,15-Jul-2013,15:35:00,0,0,,,,,15-Jul-2013 20:00,18.0,14.30,Dusk,360,35,38,,,,,39837,143,37,140,37,137,37,132,37,128,38,120,37,111,37,98,37,84,37,73,38,65,37,63,35,
96,Cow shark 1,117484,MK10,16-Jul-2013,10:51:30,18.63196,0.2103249,-33,1.403412,4.911942,2,1.5,16-Jul-2013,05:11:00,0,0,,,,,16-Jul-2013 03:00,18.0,14.40,Dawn,360,37,40,,,,,14387,69,38,81,40,93,38,105,37,117,37,126,37,130,37,135,37,138,37,141,37,143,37,148,37,
97,Cow shark 1,117484,MK10,16-Jul-2013,22:49:58,19.03846,0.8392205,-31.5,2.358742,12.97308,3,2.5,16-Jul-2013,15:17:00,0,0,,,,,16-Jul-2013 17:00,21.0,14.20,Dusk,480,38,39,,,,,2790,149,38,147,38,143,38,140,38,136,38,131,39,121,39,108,38,93,38,79,38,67,38,60,38,
98,Cow shark 1,117484,MK10,17-Jul-2013,10:48:59,19.28406,0.2193482,-31.5,1.212574,3.637721,1.5,1.5,17-Jul-2013,05:10:00,0,0,,,,,17-Jul-2013 02:00,13.0,14.40,Dawn,360,21,40,,,,,23791,84,28,99,22,112,21,118,30,125,35,132,38,138,40,142,38,146,39,149,38,153,33,158,29,
99,Cow shark 1,117484,MK10,17-Jul-2013,22:52:50,18.34384,0.1156873,-34.5,1.312496,3.937487,1.5,1.5,17-Jul-2013,15:37:00,0,0,,,,,17-Jul-2013 23:00,22.0,14.20,Dusk,360,32,39,,,,,14898,147,38,144,39,141,38,136,38,131,38,124,38,114,32,102,34,90,37,80,39,72,38,66,39,
100,Cow shark 1,117484,MK10,18-Jul-2013,10:53:58,18.05988,0.1,-34,1.336644,4.009932,1.5,1.5,18-Jul-2013,05:26:00,0,0,,,,,18-Jul-2013 02:00,16.0,14.30,Dawn,360,37,38,,,,,19151,86,37,98,37,107,37,115,37,121,37,126,37,129,37,132,37,133,37,135,37,136,37,138,38,
101,Cow shark 1,117484,MK10,18-Jul-2013,22:52:53,18.3506,0.310913,-34.5,2.586377,11.6387,2.5,2,18-Jul-2013,15:41:00,0,0,,,,,18-Jul-2013 21:00,27.0,13.10,Dusk,360,36,37,,,,,1050,131,37,128,37,124,37,121,36,112,36,103,36,95,36,85,36,71,36,65,36,59,36,54,36,
102,Cow shark 1,117484,MK10,19-Jul-2013,10:53:43,18.1429,0.1,-34.5,2.717587,12.22914,2.5,2,19-Jul-2013,05:24:00,0,0,,,,,19-Jul-2013 01:00,23.0,14.30,Dawn,360,37,42,,,,,54107,89,37,106,39,120,38,128,38,134,38,136,38,142,37,143,38,143,38,-142,40,-148,42,147,41,
103,Cow shark 1,117484,MK10,19-Jul-2013,22:54:54,17.8612,0.552858,-34,2.339742,11.69871,2.5,2.5,19-Jul-2013,15:42:00,0,0,,,,,19-Jul-2013 19:00,31.0,12.20,Dusk,360,35,37,,,,,29030,143,36,141,36,138,36,133,37,127,36,118,35,107,36,95,36,83,36,73,35,67,36,62,36,
104,Cow shark 1,117484,MK10,20-Jul-2013,10:53:22,18.24419,0.269582,-34,1.333171,3.999515,1.5,1.5,20-Jul-2013,05:21:00,0,0,,,,,20-Jul-2013 02:00,25.0,13.30,Dawn,360,35,37,,,,,2715,95,36,106,35,118,35,129,35,136,35,140,35,144,35,147,36,149,36,154,37,156,37,157,36,
105,Cow shark 1,117484,MK10,20-Jul-2013,22:52:16,18.53521,0.1835846,-34,1.24462,3.733861,1.5,1.5,20-Jul-2013,15:38:00,0,0,,,,,20-Jul-2013 17:00,34.0,12.50,Dusk,360,36,37,,,,,2939,148,37,146,37,143,37,138,37,133,37,125,37,116,37,104,37,92,37,80,37,71,36,66,36,
106,Cow shark 1,117484,MK10,21-Jul-2013,10:55:38,17.69066,0.4218215,-32.5,1.977187,7.908746,2,2,21-Jul-2013,05:19:00,0,0,,,,,21-Jul-2013 04:00,17.0,14.30,Dawn,360,35,36,,,,,50471,92,36,105,36,117,36,126,36,133,36,138,36,142,36,145,36,148,35,150,36,152,36,154,36,
107,Cow shark 1,117484,MK10,21-Jul-2013,22:54:01,18.10679,0.2114898,-31.5,2.074505,9.335272,2.5,2,21-Jul-2013,15:48:00,0,0,,,,,21-Jul-2013 17:00,33.0,11.90,Dusk,360,36,38,,,,,49848,154,38,151,38,148,38,143,38,137,38,127,37,115,36,103,36,91,36,82,36,76,36,74,36,
108,Cow shark 1,117484,MK10,22-Jul-2013,10:49:45,19.17444,0.1,-33,1.230687,3.692062,1.5,1.5,22-Jul-2013,05:30:00,0,0,,,,,22-Jul-2013 04:00,26.0,14.30,Dawn,360,36,37,,,,,42460,121,36,129,36,135,36,140,36,143,37,146,37,148,37,150,37,152,37,154,37,155,37,155,37,
109,Cow shark 1,117484,MK10,22-Jul-2013,22:47:10,19.8296,0.2260407,-33,2.405806,12.02903,2.5,2.5,22-Jul-2013,15:41:00,0,0,,,,,22-Jul-2013 17:00,28.0,14.20,Dusk,360,31,39,,,,,12691,152,38,148,39,145,38,140,38,133,38,125,38,115,39,102,38,89,37,77,36,71,31,62,37,
110,Cow shark 1,117484,MK10,23-Jul-2013,10:50:31,18.99107,0.1,-30.5,1.272206,4.452722,2,1.5,23-Jul-2013,05:29:00,0,0,,,,,23-Jul-2013 05:00,34.0,12.40,Dawn,360,35,36,,,,,59611,133,35,146,36,153,36,156,36,156,36,158,36,163,36,167,36,169,36,172,36,173,35,-167,36,
111,Cow shark 1,117484,MK10,23-Jul-2013,22:58:50,16.91765,0.4119743,-35.5,2.420072,13.3104,3,2.5,23-Jul-2013,15:36:00,0,0,,,,,23-Jul-2013 17:00,23.0,14.30,Dusk,360,35,38,,,,,37850,157,37,156,38,152,37,149,37,147,37,142,37,133,36,123,37,111,36,99,36,89,35,77,36,
112,Cow shark 1,117484,MK10,24-Jul-2013,10:57:56,17.14538,0.5096914,-37,2.965112,17.79067,3,3,24-Jul-2013,05:37:00,0,0,,,,,24-Jul-2013 08:00,30.0,14.10,Dawn,360,34,39,,,,,57314,139,39,148,38,149,38,156,38,158,38,163,37,168,36,172,35,172,35,175,35,178,34,-173,34,
113,Cow shark 1,117484,MK10,,,,,,,,,,24-Jul-2013,15:47:00,0,0,,,,,24-Jul-2013 21:00,0.0,14.10,Dusk,360,28,30,,,,,11496,158,30,153,29,148,29,145,29,140,29,126,28,111,30,101,30,93,29,81,29,71,30,65,29,
114,Cow shark 1,117484,MK10,,,,,,,,,,25-Jul-2013,06:56:00,0,0,,,,,25-Jul-2013 00:00,0.0,14.00,Dawn,360,0,0,,,,,39962,152,0,157,0,168,0,-170,0,163,0,153,0,148,0,155,0,155,0,158,0,-166,0,154,0,
115,Cow shark 1,117484,MK10,,,,,,,,,,25-Jul-2013,15:14:00,0,0,,,,,25-Jul-2013 14:00,0.0,13.70,Dusk,360,0,2,,,,,62660,135,1,127,2,132,2,125,2,122,2,124,1,122,1,122,0,115,2,122,0,103,1,97,1,
116,Cow shark 1,117484,MK10,,,,,,,,,,26-Jul-2013,12:54:00,0,0,,,,,26-Jul-2013 12:00,0.0,13.70,Dusk,360,0,2,,,,,60586,-88,1,-94,0,-108,0,-110,1,127,2,-128,2,-101,1,108,0,106,0,103,1,85,1,62,2,
117,Cow shark 1,117484,MK10,,,,,,,,,,26-Jul-2013,13:42:00,0,0,,,,,26-Jul-2013 10:00,0.0,13.60,Dawn,360,0,3,,,,,12741,106,0,103,1,85,1,62,2,62,3,70,2,71,2,96,1,99,2,105,2,74,2,62,3,
119,Cow shark 1,117484,MK10,,,,,,,,,,28-Jul-2013,06:22:00,0,0,,,,,28-Jul-2013 00:00,0.0,13.80,Dawn,960,0,5,,,,,44182,82,5,102,4,85,4,111,1,94,3,109,2,105,2,119,1,116,1,110,1,78,2,122,0,
120,Cow shark 1,117484,MK10,,,,,,,,,,28-Jul-2013,06:44:00,0,0,,,,,28-Jul-2013 00:00,0.0,13.80,Dawn,360,1,4,,,,,59956,112,4,-108,2,-82,3,88,3,110,1,-111,2,109,3,-94,3,98,2,101,3,-108,1,102,2,
121,Cow shark 1,117484,MK10,,,,,,,,,,28-Jul-2013,14:49:00,0,0,,,,,28-Jul-2013 14:00,0.0,13.60,Dusk,600,0,1,,,,,18480,145,0,148,0,138,1,139,0,133,0,127,1,112,0,118,0,113,0,87,0,74,0,61,0,
122,Cow shark 1,117484,MK10,,,,,,,,,,29-Jul-2013,14:51:00,0,0,,,,,29-Jul-2013 14:00,0.0,13.80,Dusk,360,0,2,,,,,38780,-78,1,102,1,118,0,119,0,93,2,-81,1,-101,1,-116,1,119,1,-141,0,122,0,94,0,
123,Cow shark 1,117484,MK10,,,,,,,,,,30-Jul-2013,05:28:00,0,0,,,,,30-Jul-2013 02:00,0.0,13.80,Dawn,360,0,3,,,,,1548,107,3,116,2,122,1,126,0,127,0,138,0,143,0,118,0,99,1,121,0,129,1,144,0,
124,Cow shark 1,117484,MK10,,,,,,,,,,30-Jul-2013,05:41:00,0,0,,,,,30-Jul-2013 02:00,0.0,13.80,Dawn,360,0,3,,,,,47813,123,1,125,0,128,0,140,0,-142,0,110,3,-102,1,124,0,132,0,-143,0,132,0,-110,1,
125,Cow shark 1,117484,MK10,30-Jul-2013,22:21:37,26.20123,0.1644208,-51,1.478124,5.173434,1.5,2,30-Jul-2013,14:29:00,0,0,,,,,30-Jul-2013 14:00,0.0,14.20,Dusk,480,0,2,,,,,35242,146,1,137,0,-126,1,128,1,117,1,107,2,-103,1,116,2,95,2,72,2,65,2,65,2,
126,Cow shark 1,117484,MK10,31-Jul-2013,10:53:19,18.27402,0.3373415,-36,2.515912,15.09547,3.5,2.5,31-Jul-2013,05:29:00,0,0,,,,,31-Jul-2013 07:00,7.0,13.90,Dawn,360,9,18,,,,,32440,108,18,117,17,122,16,127,15,132,13,135,12,137,11,140,9,141,10,143,9,144,9,-142,9,
127,Cow shark 1,117484,MK10,31-Jul-2013,22:49:24,19.23859,0.2603674,-36.5,2.767397,15.22068,3,2.5,31-Jul-2013,15:44:00,0,0,,,,,31-Jul-2013 23:00,34.0,14.10,Dusk,360,43,47,,,,,1741,137,45,136,46,130,47,122,47,115,47,108,47,105,47,93,47,83,47,76,46,70,45,66,43,
128,Cow shark 1,117484,MK10,01-Aug-2013,10:52:41,18.41916,0.4376815,-34,2.512007,13.81604,3,2.5,01-Aug-2013,05:06:00,0,0,,,,,01-Aug-2013 01:00,33.0,13.10,Dawn,360,36,37,,,,,44258,63,36,74,36,89,36,103,36,113,36,120,36,126,36,128,36,130,37,132,37,133,37,133,36,
129,Cow shark 1,117484,MK10,01-Aug-2013,22:51:45,18.63673,0.1,-33.5,1.518596,6.074384,2,2,01-Aug-2013,15:47:00,0,0,,,,,01-Aug-2013 22:00,12.0,14.50,Dusk,360,32,40,,,,,2030,131,38,128,37,126,32,120,40,117,39,109,39,98,38,85,38,72,40,60,39,54,40,45,38,
130,Cow shark 1,117484,MK10,02-Aug-2013,10:52:21,18.48504,0.1513223,-34,2.450292,12.25146,3,2,02-Aug-2013,05:07:00,0,0,,,,,02-Aug-2013 04:00,22.0,14.20,Dawn,360,40,42,,,,,48019,75,40,87,40,100,40,110,41,117,41,125,41,129,41,133,41,135,42,136,42,137,42,139,42,
131,Cow shark 1,117484,MK10,02-Aug-2013,22:51:09,18.76712,0.7158861,-33.5,2.362641,12.99452,3,2.5,02-Aug-2013,15:27:00,0,0,,,,,02-Aug-2013 23:00,12.0,14.00,Dusk,480,33,34,,,,,32602,138,34,133,34,126,34,124,33,121,33,115,33,105,34,92,33,79,33,63,33,49,33,41,34,
132,Cow shark 1,117484,MK10,03-Aug-2013,10:50:12,19.00396,0.7050239,-33.5,2.132278,10.66139,2.5,2.5,03-Aug-2013,05:00:00,0,0,,,,,03-Aug-2013 03:00,3.0,14.20,Dawn,360,10,13,,,,,3852,72,11,83,10,96,10,106,10,118,11,126,12,129,12,135,12,138,12,141,12,144,13,146,11,
133,Cow shark 1,117484,MK10,,,,,,,,,,03-Aug-2013,15:31:00,0,0,,,,,03-Aug-2013 15:00,0.0,14.40,Dusk,360,1,7,,,,,24948,126,2,122,2,120,2,109,2,100,4,121,3,122,1,107,7,96,5,75,5,58,5,52,3,
134,Cow shark 1,117484,MK10,,,,,,,,,,05-Aug-2013,06:03:00,0,0,,,,,05-Aug-2013 06:00,0.0,14.40,Dusk,360,0,5,,,,,8319,-46,0,61,0,57,0,43,1,38,1,-74,1,55,2,45,1,-67,0,-33,1,48,4,-49,5,
135,Cow shark 1,117484,MK10,,,,,,,,,,05-Aug-2013,10:29:00,0,0,,,,,05-Aug-2013 04:00,0.0,14.40,Dawn,360,1,4,,,,,59975,36,3,37,4,40,2,41,2,50,1,42,1,54,1,67,1,52,2,49,3,51,2,46,3,
136,Cow shark 1,117484,MK10,,,,,,,,,,05-Aug-2013,12:13:00,0,0,,,,,05-Aug-2013 06:00,0.0,14.40,Dawn,360,2,5,,,,,63147,82,2,-78,3,-72,5,82,4,-56,3,-82,3,80,4,-82,2,-56,2,-55,2,54,4,62,2,
137,Cow shark 1,117484,MK10,,,,,,,,,,05-Aug-2013,12:24:00,0,0,,,,,05-Aug-2013 18:00,0.0,14.60,Dusk,360,2,5,,,,,54325,-73,4,81,4,-60,5,-77,4,80,4,-86,2,59,2,55,4,-53,4,63,2,-64,2,-65,2,
138,Cow shark 1,117484,MK10,,,,,,,,,,06-Aug-2013,11:18:00,0,0,,,,,06-Aug-2013 07:00,1.0,14.30,Dawn,360,4,6,,,,,4055,-64,5,55,6,-63,5,59,6,-50,5,58,6,65,6,-60,6,-70,5,67,4,-59,4,64,4,
139,Cow shark 1,117484,MK10,,,,,,,,,,06-Aug-2013,12:06:00,0,0,,,,,06-Aug-2013 13:00,1.0,14.50,Dusk,360,1,5,,,,,28438,70,5,67,4,59,4,64,4,78,5,108,3,77,4,60,5,55,4,76,3,87,1,58,4,
141,Cow shark 1,117484,MK10,,,,,,,,,,08-Aug-2013,07:48:00,0,0,,,,,08-Aug-2013 08:00,0.0,14.20,Dusk,360,0,4,,,,,5960,82,4,78,2,-75,3,113,0,102,3,-128,0,82,1,-72,2,102,0,-98,0,-99,0,100,0,
142,Cow shark 1,117484,MK10,,,,,,,,,,08-Aug-2013,08:28:00,0,0,,,,,08-Aug-2013 02:00,0.0,14.10,Dawn,360,0,2,,,,,65234,74,2,97,1,95,0,102,0,97,0,94,0,85,0,78,0,69,0,60,0,57,0,63,0,
143,Cow shark 1,117484,MK10,,,,,,,,,,08-Aug-2013,08:54:00,0,0,,,,,08-Aug-2013 03:00,0.0,14.10,Dawn,360,0,0,,,,,269,100,0,87,0,83,0,79,0,62,0,61,0,56,0,66,0,76,0,73,0,65,0,54,0,
144,Cow shark 1,117484,MK10,,,,,,,,,,09-Aug-2013,06:42:00,0,0,,,,,09-Aug-2013 02:00,0.0,13.90,Dawn,360,4,6,,,,,30467,93,6,-91,5,-61,6,-63,6,54,6,-34,5,41,5,44,5,53,4,-44,6,53,5,-44,5,
145,Cow shark 1,117484,MK10,,,,,,,,,,09-Aug-2013,15:45:00,0,0,,,,,09-Aug-2013 23:00,0.0,13.80,Dusk,360,12,13,,,,,58176,113,12,112,12,-113,12,107,12,-108,12,97,13,88,13,68,13,58,13,45,13,42,13,35,13,
146,Cow shark 1,117484,MK10,10-Aug-2013,10:50:03,18.84026,0.2219583,-33.5,4.365414,39.28872,5,4,10-Aug-2013,05:13:00,0,0,,,,,10-Aug-2013 04:00,0.0,13.80,Dawn,360,2,10,,,,,25593,98,3,114,2,117,2,121,3,126,4,-125,6,127,7,127,10,134,10,138,6,139,8,139,8,
147,Cow shark 1,117484,MK10,10-Aug-2013,23:03:04,15.55024,0.7244363,-43.5,6.100945,70.16086,7,4.5,10-Aug-2013,16:04:00,0,0,,,,,11-Aug-2013 00:00,7.0,13.90,Dusk,360,13,23,,,,,44105,124,13,120,13,118,14,110,14,97,13,83,14,68,17,55,17,45,18,37,19,33,20,30,23,
148,Cow shark 1,117484,MK10,11-Aug-2013,11:02:27,15.7031,0.4471579,-42,3.514316,28.11453,4,4,11-Aug-2013,05:29:00,0,0,,,,,11-Aug-2013 00:00,0.0,13.90,Dawn,360,3,12,,,,,41182,102,3,111,3,119,3,122,6,127,9,136,9,138,11,141,9,-137,7,138,10,142,11,146,12,
149,Cow shark 1,117484,MK10,11-Aug-2013,22:53:47,17.82878,0.7287972,-35.5,3.29806,29.68254,5,4,11-Aug-2013,15:55:00,0,0,,,,,11-Aug-2013 16:00,12.0,14.00,Dusk,360,13,24,,,,,21678,123,13,120,13,119,13,115,13,109,14,99,13,87,13,73,17,60,21,50,22,44,23,39,24,
150,Cow shark 1,117484,MK10,12-Aug-2013,10:51:00,18.5249,0.1819319,-35.5,1.180138,4.720553,2,2,12-Aug-2013,05:06:00,0,0,,,,,12-Aug-2013 00:00,17.0,14.30,Dawn,360,39,41,,,,,26070,80,41,93,41,105,41,113,41,117,41,122,41,127,41,131,40,133,40,135,40,136,40,138,39,
151,Cow shark 1,117484,MK10,12-Aug-2013,22:53:25,17.87584,0.1373136,-39.5,1.215846,5.471308,2,2.5,12-Aug-2013,15:16:00,0,0,,,,,12-Aug-2013 19:00,15.0,14.50,Dusk,480,41,43,,,,,57929,132,41,129,42,127,41,124,42,120,42,114,42,111,42,106,42,96,42,80,42,64,43,56,43,
152,Cow shark 1,117484,MK10,13-Aug-2013,10:55:53,17.26159,0.3809281,-38,1.629148,8.145739,2.5,2.5,13-Aug-2013,05:05:00,0,0,,,,,13-Aug-2013 03:00,18.0,14.40,Dawn,360,34,35,,,,,3279,93,35,107,35,119,34,123,34,132,34,139,34,142,34,149,34,154,34,157,34,158,35,159,35,
153,Cow shark 1,117484,MK10,,,,,,,,,,13-Aug-2013,16:04:00,0,0,,,,,13-Aug-2013 21:00,18.0,14.20,Dusk,360,34,36,,,,,24114,145,35,139,36,134,36,129,35,120,35,109,35,96,35,84,34,72,35,64,34,58,35,53,35,
154,Cow shark 1,117484,MK10,14-Aug-2013,22:59:50,16.18161,1.52276,-47.5,5.901293,79.66745,8,5.5,14-Aug-2013,16:00:00,0,0,,,,,14-Aug-2013 21:00,13.0,14.20,Dusk,360,32,35,,,,,23342,133,34,131,34,125,34,118,35,106,35,96,34,78,34,67,35,58,33,50,34,49,34,49,32,
155,Cow shark 1,117484,MK10,,,,,,,,,,15-Aug-2013,05:26:00,0,0,,,,,15-Aug-2013 05:00,2.0,13.90,Dawn,360,9,18,,,,,34244,70,9,80,10,91,11,107,12,110,13,103,14,104,14,110,15,114,16,120,17,122,17,127,18,
156,Cow shark 1,117484,MK10,15-Aug-2013,11:04:52,14.9201,0.8208103,-55,4.02993,32.23944,4.5,3.5,15-Aug-2013,05:44:00,0,0,,,,,15-Aug-2013 05:00,2.0,13.90,Dawn,360,12,20,,,,,511,110,12,-113,13,107,14,108,14,114,15,118,16,124,17,127,17,132,18,137,18,-140,19,138,20,
157,Cow shark 1,117484,MK10,,,,,,,,,,15-Aug-2013,15:46:00,0,0,,,,,15-Aug-2013 21:00,20.0,14.20,Dusk,360,33,35,,,,,62800,132,35,129,34,123,35,119,33,109,34,100,33,96,34,88,34,81,34,73,35,61,35,51,34,
158,Cow shark 1,117484,MK10,,,,,,,,,,16-Aug-2013,15:52:00,0,0,,,,,16-Aug-2013 18:00,67.0,14.30,Dusk,360,104,112,,,,,37871,108,112,107,111,103,111,98,111,96,111,92,108,84,110,77,110,74,109,73,104,71,109,70,111,
159,Cow shark 1,117484,MK10,,,,,,,,,,17-Aug-2013,03:18:00,0,0,,,,,17-Aug-2013 18:00,21.0,15.20,Dawn,1800,90,118,,,,,64435,75,113,76,111,84,112,86,116,99,117,109,118,136,99,132,96,138,90,137,91,95,111,104,107,
160,Cow shark 1,117484,MK10,,,,,,,,,,17-Aug-2013,05:42:00,0,0,,,,,17-Aug-2013 00:00,63.0,13.30,Dawn,360,93,119,,,,,9938,105,118,102,118,97,119,98,116,109,101,119,99,129,99,133,96,132,93,131,96,127,96,125,96,
161,Cow shark 1,117484,MK10,,,,,,,,,,18-Aug-2013,05:33:00,0,0,,,,,18-Aug-2013 03:00,0.0,14.40,Dawn,360,0,11,,,,,19612,145,4,150,2,154,1,156,0,157,2,-156,1,156,5,162,5,165,4,167,8,-160,10,164,11,
162,Cow shark 1,117484,MK10,,,,,,,,,,18-Aug-2013,06:25:00,0,0,,,,,18-Aug-2013 05:00,0.0,15.20,Dusk,480,5,13,,,,,35425,167,5,158,10,162,11,154,13,155,13,153,13,157,13,163,13,163,12,160,10,163,13,165,12,
163,Cow shark 1,117484,MK10,,,,,,,,,,18-Aug-2013,15:26:00,0,0,,,,,18-Aug-2013 16:00,0.0,15.20,Dusk,360,0,8,,,,,14569,161,7,157,7,-153,7,154,6,151,8,147,7,145,1,141,2,136,0,128,4,122,5,115,1,
164,Cow shark 1,117484,MK10,,,,,,,,,,19-Aug-2013,06:08:00,0,0,,,,,19-Aug-2013 03:00,40.0,14.20,Dawn,720,52,60,,,,,36490,104,58,-99,59,104,59,107,59,112,59,117,59,118,59,-98,59,-95,60,-94,60,123,52,-102,60,
165,Cow shark 1,117484,MK10,,,,,,,,,,19-Aug-2013,07:47:00,0,0,,,,,19-Aug-2013 08:00,49.0,13.80,Dusk,360,56,61,,,,,22019,99,59,99,60,-91,59,111,59,-127,56,121,59,-86,60,-90,59,-101,60,-107,60,111,59,108,61,
166,Cow shark 1,117484,MK10,20-Aug-2013,10:58:40,16.20049,1.799283,-44,6.688428,123.7359,11,7.5,20-Aug-2013,05:05:00,0,0,,,,,20-Aug-2013 03:00,17.0,13.90,Dawn,360,42,43,,,,,10953,62,42,-69,43,68,42,72,43,77,42,81,43,84,43,88,43,93,43,96,43,98,43,101,43,
167,Cow shark 1,117484,MK10,,,,,,,,,,20-Aug-2013,16:01:00,0,0,,,,,20-Aug-2013 19:00,20.0,14.20,Dusk,360,40,49,,,,,26096,100,49,101,48,100,47,97,46,89,46,77,46,70,46,61,44,53,43,52,42,51,42,49,40,
168,Cow shark 1,117484,MK10,,,,,,,,,,22-Aug-2013,05:13:00,0,0,,,,,22-Aug-2013 07:00,34.0,14.10,Dusk,360,38,40,,,,,47774,114,40,-112,39,-113,39,114,39,106,38,100,39,102,39,-113,39,118,39,-117,39,122,39,119,39,
169,Cow shark 1,117484,MK10,,,,,,,,,,22-Aug-2013,05:24:00,0,0,,,,,22-Aug-2013 03:00,28.0,14.00,Dawn,360,38,39,,,,,58763,113,39,-113,38,109,39,-100,39,101,39,111,39,118,39,118,38,121,39,120,38,112,38,-109,39,
170,Cow shark 1,117484,MK10,,,,,,,,,,22-Aug-2013,06:05:00,0,0,,,,,22-Aug-2013 07:00,34.0,14.10,Dusk,360,38,39,,,,,6787,118,39,-120,39,-121,39,114,38,109,39,108,39,-103,39,-107,38,120,38,-125,38,122,39,120,38,
171,Cow shark 1,117484,MK10,,,,,,,,,,23-Aug-2013,05:08:00,0,0,,,,,23-Aug-2013 00:00,25.0,14.10,Dawn,360,36,42,,,,,2863,105,42,113,39,119,38,125,38,128,41,128,38,129,37,131,39,133,37,134,38,135,37,137,36,
172,Cow shark 1,117484,MK10,23-Aug-2013,10:47:18,18.85465,0.171471,-30.5,2.366277,27.21218,6,5.5,23-Aug-2013,05:18:00,0,0,,,,,23-Aug-2013 00:00,25.0,14.10,Dawn,360,36,39,,,,,14904,130,38,136,38,140,37,141,39,142,37,144,39,145,37,146,37,147,38,148,36,150,36,150,36,
173,Cow shark 1,117484,MK10,23-Aug-2013,22:52:50,17.4043,0.1,-42,2.25615,20.30535,4.5,4.5,23-Aug-2013,15:55:00,0,0,,,,,23-Aug-2013 18:00,18.0,14.20,Dusk,360,36,42,,,,,30308,130,39,129,38,125,38,122,37,119,39,113,38,104,37,93,36,80,37,69,37,58,39,54,42,
174,Cow shark 1,117484,MK10,24-Aug-2013,10:55:19,16.78345,0.1253968,-37,1.33343,10.00073,4,3.5,24-Aug-2013,05:10:00,0,0,,,,,24-Aug-2013 01:00,26.0,14.10,Dawn,360,38,40,,,,,52750,87,40,95,39,103,38,108,39,112,39,117,39,119,39,-117,39,120,39,126,39,128,38,133,39,
175,Cow shark 1,117484,MK10,24-Aug-2013,22:50:34,17.90412,0.1265174,-31,1.288938,9.667033,4,3.5,24-Aug-2013,15:52:00,0,0,,,,,24-Aug-2013 18:00,16.0,14.00,Dusk,360,35,37,,,,,37998,115,37,-117,37,112,37,109,37,104,37,100,37,96,37,89,37,81,37,68,36,55,36,52,35,
176,Cow shark 1,117484,MK10,25-Aug-2013,10:47:57,18.558,0.2173232,-35.5,1.459651,12.40703,4.5,4,25-Aug-2013,04:56:00,0,0,,,,,25-Aug-2013 03:00,31.0,14.00,Dawn,360,35,36,,,,,57911,83,36,94,36,105,36,112,36,114,36,119,35,123,36,126,36,128,35,129,35,-128,35,130,35,
177,Cow shark 1,117484,MK10,,,,,,,,,,25-Aug-2013,15:59:00,0,0,,,,,25-Aug-2013 22:00,13.0,14.00,Dusk,360,34,36,,,,,48810,128,35,125,35,122,35,117,35,112,35,105,35,96,35,84,35,72,35,62,36,57,34,55,34,
178,Cow shark 1,117484,MK10,,,,,,,,,,26-Aug-2013,16:02:00,0,0,,,,,26-Aug-2013 22:00,4.0,14.10,Dusk,360,31,35,,,,,61354,122,35,-123,34,118,34,109,34,96,34,86,34,76,34,67,34,60,34,54,33,49,32,47,31,
179,Cow shark 1,117484,MK10,,,,,,,,,,27-Aug-2013,05:27:00,0,0,,,,,26-Aug-2013 23:00,10.0,14.20,Dawn,360,34,35,,,,,35538,101,34,99,34,106,34,108,34,99,34,104,35,112,35,112,35,113,34,114,34,118,34,123,34,
180,Cow shark 1,117484,MK10,,,,,,,,,,27-Aug-2013,06:31:00,0,0,,,,,27-Aug-2013 01:00,15.0,14.20,Dawn,360,34,35,,,,,9240,120,34,123,34,120,35,117,34,126,34,124,34,122,35,110,34,107,34,111,34,105,34,103,34,
181,Cow shark 1,117484,MK10,,,,,,,,,,28-Aug-2013,05:03:00,0,0,,,,,28-Aug-2013 03:00,15.0,14.00,Dawn,360,26,30,,,,,43182,106,30,107,29,119,27,-124,29,119,27,121,28,127,29,129,27,129,26,-127,27,129,28,133,29,
182,Cow shark 1,117484,MK10,,,,,,,,,,28-Aug-2013,06:04:00,0,0,,,,,28-Aug-2013 06:00,23.0,14.10,Dusk,360,26,29,,,,,39183,127,26,131,27,135,26,136,29,130,26,133,29,132,27,134,28,137,29,138,29,139,27,140,28,
183,Cow shark 1,117484,MK10,28-Aug-2013,22:46:11,18.71374,0.7821916,-40.5,5.301055,116.6232,12.5,9.5,28-Aug-2013,15:59:00,0,0,,,,,28-Aug-2013 17:00,15.0,14.10,Dusk,360,43,47,,,,,61648,130,47,126,47,126,47,-127,46,118,46,112,46,103,46,92,46,81,46,70,44,61,43,57,43,
184,Cow shark 1,117484,MK10,29-Aug-2013,10:47:45,18.32054,0.8685388,-34,4.746496,116.2891,14,10.5,29-Aug-2013,04:53:00,0,0,,,,,29-Aug-2013 01:00,20.0,14.00,Dawn,360,38,42,,,,,13591,95,38,107,38,114,38,121,39,124,39,127,40,-131,40,129,41,131,41,131,42,132,42,136,42,
185,Cow shark 1,117484,MK10,29-Aug-2013,22:59:46,15.23787,0.1,-50.5,2.389563,32.2591,6.5,7,29-Aug-2013,15:58:00,0,0,,,,,30-Aug-2013 00:00,21.0,14.70,Dusk,360,33,38,,,,,27181,134,36,131,36,125,36,125,38,123,37,121,37,116,38,103,37,89,37,78,37,64,35,55,33,
186,Cow shark 1,117484,MK10,30-Aug-2013,10:56:12,16.13105,1.023884,-57.5,6.942616,149.2662,12,9.5,30-Aug-2013,04:46:00,0,0,,,,,30-Aug-2013 00:00,31.0,14.60,Dawn,360,64,75,,,,,45982,74,67,85,65,-93,65,89,68,92,70,107,65,118,67,122,68,127,64,132,69,137,70,139,75,
187,Cow shark 1,117484,MK10,,,,,,,,,,30-Aug-2013,16:04:00,0,0,,,,,30-Aug-2013 22:00,28.0,14.50,Dusk,360,52,63,,,,,27502,128,55,127,52,126,55,121,55,115,58,103,58,95,60,85,62,71,62,60,63,58,63,56,57,
188,Cow shark 1,117484,MK10,31-Aug-2013,10:49:44,17.6707,0.2991031,-35.5,1.625353,19.50424,6.5,5.5,31-Aug-2013,04:47:00,0,0,,,,,31-Aug-2013 04:00,14.0,14.50,Dawn,360,21,35,,,,,33551,86,30,93,34,107,35,113,34,120,32,125,32,127,31,132,22,135,21,135,21,135,21,138,21,
189,Cow shark 1,117484,MK10,31-Aug-2013,22:45:34,18.63636,0.1474023,-32.5,2.253501,33.80251,8,7,31-Aug-2013,16:14:00,0,0,,,,,31-Aug-2013 22:00,11.0,14.10,Dusk,360,24,26,,,,,5268,131,26,128,25,124,25,118,25,110,24,99,25,87,24,75,24,62,25,49,25,40,24,34,24,
190,Cow shark 1,117484,MK10,01-Sep-2013,10:44:42,18.85099,0.1126399,-35,2.19862,30.78067,7.5,6.5,01-Sep-2013,04:51:00,0,0,,,,,01-Sep-2013 03:00,7.0,14.20,Dawn,360,11,14,,,,,49026,102,11,111,11,118,14,123,14,125,14,128,14,130,14,132,14,134,13,136,14,137,13,138,14,
191,Cow shark 1,117484,MK10,01-Sep-2013,22:44:07,18.91546,0.3638048,-37,2.158644,33.45898,8.5,7,01-Sep-2013,16:10:00,0,0,,,,,01-Sep-2013 18:00,1.0,14.20,Dusk,360,10,23,,,,,14851,129,23,125,19,120,18,120,15,111,16,97,16,86,13,69,17,58,14,49,12,40,11,34,10,
192,Cow shark 1,117484,MK10,02-Sep-2013,10:45:24,18.59419,0.5815414,-35.5,2.530854,43.02451,9,8,02-Sep-2013,04:24:00,0,0,,,,,02-Sep-2013 00:00,13.0,14.20,Dawn,360,27,31,,,,,25451,46,27,54,29,67,30,79,31,93,31,100,29,110,29,116,28,120,29,122,28,125,28,127,28,
193,Cow shark 1,117484,MK10,02-Sep-2013,22:46:11,18.31953,0.7241465,-38.5,3.466971,88.40776,14,11.5,02-Sep-2013,16:10:00,0,0,,,,,02-Sep-2013 19:00,13.0,14.50,Dusk,360,29,32,,,,,58459,128,29,127,29,122,30,119,29,113,29,104,30,89,31,74,32,62,29,49,30,39,29,34,29,
194,Cow shark 1,117484,MK10,03-Sep-2013,10:45:41,18.44641,0.2710105,-33.5,1.501255,20.26694,7,6.5,03-Sep-2013,04:38:00,0,0,,,,,03-Sep-2013 00:00,20.0,14.20,Dawn,360,23,28,,,,,3546,97,25,110,27,123,28,133,25,139,23,143,24,145,24,149,25,153,24,154,23,154,23,154,23,
195,Cow shark 1,117484,MK10,,,,,,,,,,03-Sep-2013,16:07:00,0,0,,,,,03-Sep-2013 20:00,18.0,14.50,Dusk,360,25,29,,,,,46760,141,28,139,28,135,26,133,25,125,27,120,27,109,25,96,26,83,26,71,25,61,26,54,29,
196,Cow shark 1,117484,MK10,,,,,,,,,,04-Sep-2013,10:03:00,0,0,,,,,04-Sep-2013 14:00,20.0,14.50,Dusk,360,40,51,,,,,63140,157,43,-159,40,153,46,-100,43,-107,48,128,47,120,51,-119,45,129,49,-135,45,118,48,-123,40,
197,Cow shark 1,117484,MK10,,,,,,,,,,05-Sep-2013,04:24:00,0,0,,,,,05-Sep-2013 05:00,0.0,14.40,Dawn,600,8,23,,,,,40160,58,12,83,10,107,8,120,11,122,21,129,23,136,22,141,21,142,19,148,21,147,19,148,21,
198,Cow shark 1,117484,MK10,,,,,,,,,,05-Sep-2013,04:55:00,0,0,,,,,05-Sep-2013 05:00,0.0,14.40,Dawn,360,13,23,,,,,33086,129,13,132,21,139,21,143,21,148,23,151,21,156,23,-154,21,154,19,157,19,162,19,164,19,
199,Cow shark 1,117484,MK10,,,,,,,,,,05-Sep-2013,15:07:00,0,0,,,,,05-Sep-2013 22:00,4.0,14.80,Dusk,720,14,80,,,,,55368,147,14,126,23,120,29,106,43,98,54,93,64,85,72,82,77,65,73,52,69,46,80,41,61,
200,Cow shark 1,117484,MK10,,,,,,,,,,06-Sep-2013,04:41:00,0,0,,,,,06-Sep-2013 01:00,18.0,14.40,Dawn,1080,30,36,,,,,37851,32,34,37,32,45,34,-63,33,60,34,61,35,69,34,81,35,-65,36,-58,36,-41,34,94,30,
201,Cow shark 1,117484,MK10,,,,,,,,,,06-Sep-2013,09:25:00,0,0,,,,,06-Sep-2013 16:00,0.0,14.90,Dusk,360,34,44,,,,,62221,107,39,96,43,100,41,73,43,67,44,66,42,63,42,58,40,60,40,104,37,109,37,126,34,
202,Cow shark 1,117484,MK10,07-Sep-2013,22:44:21,18.35794,0.1290591,-9.5,1.254375,15.0525,7,5,07-Sep-2013,16:25:00,0,0,,,,,07-Sep-2013 22:00,1.0,14.30,Dusk,360,37,44,,,,,3008,89,44,87,43,81,42,74,42,66,40,55,37,44,40,36,37,33,40,30,39,30,40,30,38,
203,Cow shark 1,117484,MK10,,,,,,,,,,08-Sep-2013,04:32:00,0,0,,,,,08-Sep-2013 03:00,3.0,14.20,Dawn,360,26,38,,,,,64514,51,26,64,27,74,29,74,30,82,32,79,34,90,34,93,36,97,36,94,38,107,33,113,27,
204,Cow shark 1,117484,MK10,,,,,,,,,,08-Sep-2013,04:59:00,0,0,,,,,07-Sep-2013 23:00,1.0,14.30,Dawn,360,32,36,,,,,38021,81,34,-79,35,93,36,97,35,-93,35,101,33,112,35,-112,35,102,36,-101,36,110,33,-104,32,
205,Cow shark 1,117484,MK10,,,,,,,,,,08-Sep-2013,16:22:00,0,0,,,,,08-Sep-2013 18:00,5.0,14.10,Dusk,360,6,16,,,,,53861,117,14,-119,8,111,13,101,10,91,13,84,6,65,12,64,8,46,14,34,16,32,16,-34,16,
206,Cow shark 1,117484,MK10,,,,,,,,,,09-Sep-2013,05:16:00,0,0,,,,,09-Sep-2013 02:00,3.0,14.00,Dawn,360,29,45,,,,,35771,117,29,121,34,121,35,122,38,127,35,-128,37,115,43,116,42,107,45,102,45,104,45,108,43,
207,Cow shark 1,117484,MK10,,,,,,,,,,10-Sep-2013,04:51:00,0,0,,,,,10-Sep-2013 05:00,7.0,13.30,Dusk,360,7,38,,,,,8442,106,7,113,9,121,9,108,10,66,37,78,38,92,37,89,29,49,32,86,31,132,14,124,22,
208,Cow shark 1,117484,MK10,,,,,,,,,,10-Sep-2013,15:33:00,0,0,,,,,11-Sep-2013 00:00,2.0,12.00,Dusk,480,37,44,,,,,23997,104,44,104,42,-86,43,-90,42,95,38,89,37,-83,43,87,38,79,41,71,37,53,43,41,43,
209,Cow shark 1,117484,MK10,,,,,,,,,,11-Sep-2013,04:42:00,0,0,,,,,11-Sep-2013 02:00,0.0,11.70,Dawn,360,8,29,,,,,44831,93,15,100,17,109,18,116,16,135,9,134,8,106,26,107,29,124,20,130,19,130,17,128,21,
210,Cow shark 1,117484,MK10,,,,,,,,,,11-Sep-2013,04:45:00,0,0,,,,,11-Sep-2013 02:00,0.0,11.70,Dawn,360,8,26,,,,,35135,95,18,108,14,-107,22,128,11,-139,8,118,20,-104,26,115,23,129,16,-130,19,128,22,130,20,
211,Cow shark 1,117484,MK10,,,,,,,,,,11-Sep-2013,16:28:00,0,0,,,,,11-Sep-2013 23:00,8.0,12.20,Dusk,360,33,35,,,,,64738,110,33,110,33,106,34,99,33,87,33,71,34,57,34,47,35,38,35,34,35,33,35,31,35,
212,Cow shark 1,117484,MK10,,,,,,,,,,12-Sep-2013,04:59:00,0,0,,,,,12-Sep-2013 01:00,4.0,11.90,Dawn,360,9,36,,,,,2660,104,36,-94,35,106,29,128,21,128,21,139,14,-153,10,147,15,-153,9,150,14,-139,12,-137,15,
213,Cow shark 1,117484,MK10,,,,,,,,,,12-Sep-2013,16:18:00,0,0,,,,,12-Sep-2013 20:00,5.0,12.00,Dusk,360,26,46,,,,,56321,106,45,103,44,99,45,94,46,86,45,77,45,67,45,54,45,45,45,39,45,41,32,50,26,
214,Cow shark 1,117484,MK10,,,,,,,,,,13-Sep-2013,16:07:00,0,0,,,,,13-Sep-2013 21:00,7.0,11.70,Dusk,360,16,18,,,,,27263,109,18,105,16,99,17,97,17,92,17,88,18,83,17,69,17,57,17,45,17,36,18,30,17,
215,Cow shark 1,117484,MK10,,,,,,,,,,14-Sep-2013,05:18:00,0,0,,,,,14-Sep-2013 03:00,6.0,12.30,Dawn,360,16,40,,,,,24850,113,20,117,21,106,26,110,27,104,40,102,38,129,18,132,21,137,19,130,24,136,19,134,16,
216,Cow shark 1,117484,MK10,,,,,,,,,,14-Sep-2013,05:23:00,0,0,,,,,14-Sep-2013 03:00,6.0,12.30,Dawn,1080,16,36,,,,,23230,-119,20,107,36,131,21,134,20,-123,21,147,16,-140,18,149,18,-145,19,-152,17,151,16,152,16,
217,Cow shark 1,117484,MK10,,,,,,,,,,14-Sep-2013,08:14:00,0,0,,,,,14-Sep-2013 08:00,11.0,12.30,Dusk,1320,15,30,,,,,22933,158,15,155,17,140,19,127,26,109,29,112,29,109,28,102,29,99,28,98,30,103,29,89,29,
218,Cow shark 1,117484,MK10,,,,,,,,,,15-Sep-2013,08:48:00,0,0,,,,,15-Sep-2013 02:00,23.0,13.00,Dawn,480,36,40,,,,,20016,79,36,83,39,87,38,-99,39,88,40,91,39,99,39,103,39,-97,39,104,39,114,38,118,38,
219,Cow shark 1,117484,MK10,,,,,,,,,,15-Sep-2013,10:49:00,0,0,,,,,15-Sep-2013 17:00,30.0,13.50,Dusk,360,34,40,,,,,63801,-107,40,116,37,-119,36,112,37,91,38,-80,39,81,37,80,36,75,34,70,34,69,34,62,34,
220,Cow shark 1,117484,MK10,16-Sep-2013,10:48:19,16.66115,0.4083312,42,4.553823,122.9532,19,8,16-Sep-2013,04:49:00,0,0,,,,,16-Sep-2013 03:00,9.0,13.80,Dawn,360,32,37,,,,,42344,101,36,101,37,104,34,108,36,115,34,116,37,121,35,-122,35,112,32,-88,37,-66,36,-64,35,
221,Cow shark 1,117484,MK10,,,,,,,,,,16-Sep-2013,15:33:00,0,0,,,,,16-Sep-2013 19:00,26.0,13.80,Dusk,360,32,34,,,,,14775,112,32,110,34,103,33,93,34,76,34,-73,33,78,32,74,33,73,32,70,32,-72,33,-78,32,
222,Cow shark 1,117484,MK10,,,,,,,,,,17-Sep-2013,05:51:00,0,0,,,,,17-Sep-2013 02:00,23.0,13.80,Dawn,600,32,37,,,,,55329,84,32,-87,34,85,33,87,32,88,33,94,33,96,34,105,34,-101,37,111,33,120,32,127,32,
223,Cow shark 1,117484,MK10,17-Sep-2013,22:36:46,19.37054,0.2857638,48,4.059569,101.4892,17,8,17-Sep-2013,14:58:00,0,0,,,,,17-Sep-2013 20:00,24.0,14.10,Dusk,600,34,37,,,,,62668,124,35,-116,36,118,36,-104,36,111,37,109,36,106,35,103,34,99,36,94,36,85,35,75,36,
224,Cow shark 1,117484,MK10,18-Sep-2013,10:34:52,19.84844,0.1,45.5,4.08452,114.3666,19.5,8.5,18-Sep-2013,04:25:00,0,0,,,,,18-Sep-2013 09:00,28.0,14.20,Dawn,960,34,38,,,,,12610,92,38,114,35,125,35,131,36,135,35,141,37,146,36,147,35,147,35,-146,36,152,35,152,34,
225,Cow shark 1,117484,MK10,,,,,,,,,,18-Sep-2013,14:50:00,0,0,,,,,18-Sep-2013 22:00,9.0,14.50,Dusk,720,32,36,,,,,46565,151,36,149,32,139,34,-137,34,138,34,134,34,-127,32,128,32,121,34,108,33,95,33,76,33,
226,Cow shark 1,117484,MK10,19-Sep-2013,12:51:18,-14.36029,1.308636,-79,4.132314,20.66157,1,4,19-Sep-2013,05:57:00,0,0,,,,,19-Sep-2013 04:00,11.0,14.30,Dawn,1800,24,28,,,,,10851,74,26,99,25,-100,24,88,26,89,26,101,27,-95,26,98,28,119,25,123,26,125,26,130,28,
227,Cow shark 1,117484,MK10,,,,,,,,,,19-Sep-2013,12:39:00,0,0,,,,,19-Sep-2013 21:00,8.0,14.30,Dusk,1440,25,30,,,,,48622,132,30,130,27,121,29,-119,29,121,28,-131,29,130,27,128,27,98,27,91,27,80,25,58,26,
228,Cow shark 1,117484,MK10,,,,,,,,,,20-Sep-2013,06:10:00,0,0,,,,,20-Sep-2013 02:00,30.0,14.20,Dawn,1800,35,39,,,,,65412,71,38,85,38,85,38,92,38,112,35,113,36,111,38,120,36,130,39,130,38,95,37,105,38,
229,Cow shark 1,117484,MK10,,,,,,,,,,21-Sep-2013,04:29:00,0,0,,,,,21-Sep-2013 18:00,26.0,14.20,Dawn,1800,33,38,,,,,195,72,38,97,37,101,36,110,35,120,37,120,36,-108,37,108,37,-106,37,145,33,147,33,-140,36,
230,Cow shark 1,117484,MK10,,,,,,,,,,21-Sep-2013,09:06:00,0,0,,,,,21-Sep-2013 09:00,32.0,14.10,Dusk,360,34,36,,,,,46376,141,34,145,35,147,34,146,34,148,34,147,34,147,34,147,34,146,35,139,34,129,36,113,36,
231,Cow shark 1,117484,MK10,,,,,,,,,,22-Sep-2013,07:41:00,0,0,,,,,22-Sep-2013 08:00,23.0,14.20,Dusk,600,28,38,,,,,62800,169,34,168,28,161,34,164,34,161,38,166,38,166,37,166,38,168,37,167,38,169,38,169,38,
232,Cow shark 1,117484,MK10,,,,,,,,,,22-Sep-2013,16:24:00,0,0,,,,,22-Sep-2013 23:00,17.0,14.20,Dusk,360,34,39,,,,,18082,138,39,133,38,132,38,127,34,118,36,107,37,92,37,74,38,63,38,63,37,62,37,58,37,
233,Cow shark 1,117484,MK10,,,,,,,,,,23-Sep-2013,04:48:00,0,0,,,,,23-Sep-2013 00:00,15.0,14.20,Dawn,360,22,28,,,,,13097,129,27,132,28,135,28,142,23,142,25,142,25,144,25,145,22,145,23,-144,24,146,22,148,23,
234,Cow shark 1,117484,MK10,23-Sep-2013,22:37:41,18.61236,0.1,39,1.704809,19.60531,6.5,5,23-Sep-2013,16:29:00,0,0,,,,,23-Sep-2013 18:00,7.0,14.50,Dusk,360,14,22,,,,,59545,134,22,129,22,124,22,119,22,112,22,101,21,86,20,76,19,70,17,56,14,44,15,40,16,
235,Cow shark 1,117484,MK10,,,,,,,,,,24-Sep-2013,04:06:00,0,0,,,,,24-Sep-2013 00:00,6.0,14.30,Dawn,360,12,15,,,,,20287,65,13,78,14,87,15,100,14,108,13,117,13,119,14,120,13,122,13,126,14,137,14,141,12,
236,Cow shark 1,117484,MK10,,,,,,,,,,24-Sep-2013,04:29:00,0,0,,,,,24-Sep-2013 00:00,6.0,14.30,Dawn,360,11,14,,,,,576,106,13,117,13,118,13,120,14,122,14,124,13,136,12,141,13,142,12,143,12,143,12,-141,11,
237,Cow shark 1,117484,MK10,,,,,,,,,,24-Sep-2013,16:27:00,0,0,,,,,24-Sep-2013 19:00,6.0,14.90,Dusk,360,10,14,,,,,41767,141,11,140,12,135,10,128,13,122,12,113,12,98,13,86,14,77,12,65,12,55,13,49,12,
238,Cow shark 1,117484,MK10,,,,,,,,,,25-Sep-2013,04:17:00,0,0,,,,,25-Sep-2013 00:00,16.0,13.80,Dawn,360,22,25,,,,,22334,88,22,100,23,110,25,117,24,120,23,122,23,126,22,131,24,134,22,-138,23,-137,24,136,25,
239,Cow shark 1,117484,MK10,25-Sep-2013,22:40:52,17.64264,0.1,32.5,2.605506,179.7799,60,9,25-Sep-2013,16:22:00,0,0,,,,,25-Sep-2013 21:00,8.0,15.60,Dusk,360,19,24,,,,,15981,125,24,124,22,123,22,117,20,110,20,103,20,92,19,81,20,67,21,58,21,49,19,45,21,
240,Cow shark 1,117484,MK10,26-Sep-2013,10:39:13,18.05502,0.4989943,30.5,2.853943,191.2142,56,11,26-Sep-2013,04:23:00,0,0,,,,,26-Sep-2013 00:00,10.0,14.10,Dawn,360,30,37,,,,,52590,117,37,124,32,127,34,137,30,143,33,145,33,146,32,147,31,-148,32,146,34,147,33,147,32,
241,Cow shark 1,117484,MK10,26-Sep-2013,22:38:55,18.04726,0.1738139,40.5,1.828161,29.25057,10,6,26-Sep-2013,16:12:00,0,0,,,,,26-Sep-2013 17:00,17.0,13.50,Dusk,360,19,26,,,,,5347,141,26,140,24,133,23,-128,24,130,23,126,25,123,24,107,24,90,22,84,22,65,19,55,24,
242,Cow shark 1,117484,MK10,,,,,,,,,,27-Sep-2013,03:53:00,0,0,,,,,27-Sep-2013 01:00,23.0,15.00,Dawn,840,25,31,,,,,55875,64,26,85,28,102,26,130,27,135,27,142,25,148,27,-145,29,149,28,155,30,157,31,159,31,
243,Cow shark 1,117484,MK10,,,,,,,,,,27-Sep-2013,07:59:00,0,0,,,,,27-Sep-2013 23:00,14.0,15.10,Dusk,1800,31,32,,,,,54058,160,31,153,31,153,32,149,31,143,32,143,32,142,31,-134,31,138,32,-139,32,132,31,-135,32,
245,Cow shark 1,117484,MK10,,,,,,,,,,28-Sep-2013,07:04:00,0,0,,,,,28-Sep-2013 05:00,26.0,14.70,Dawn,1800,41,44,,,,,458,83,43,89,44,91,43,91,43,97,44,107,43,102,42,96,44,97,43,106,41,78,41,79,41,
246,Cow shark 1,117484,MK10,,,,,,,,,,29-Sep-2013,10:26:00,0,0,,,,,29-Sep-2013 20:00,4.0,14.20,Dusk,1800,30,39,,,,,23784,160,39,140,38,139,39,133,39,-99,36,108,33,104,35,94,33,-78,32,88,32,88,33,-114,30,
247,Cow shark 1,117484,MK10,,,,,,,,,,29-Sep-2013,20:19:00,0,0,,,,,29-Sep-2013 20:00,4.0,14.20,Dawn,1800,4,29,,,,,56406,30,4,38,19,39,8,39,13,44,14,48,19,57,18,73,29,74,27,63,15,61,17,52,22,
248,Cow shark 1,117484,MK10,,,,,,,,,,30-Sep-2013,12:06:00,0,0,,,,,30-Sep-2013 10:00,12.0,13.80,Dawn,360,12,17,,,,,33259,96,17,108,16,102,16,96,16,102,16,105,14,119,12,96,14,81,16,78,16,75,16,95,15,
249,Cow shark 1,117484,MK10,,,,,,,,,,01-Oct-2013,04:22:00,0,0,,,,,01-Oct-2013 03:00,8.0,13.20,Dawn,360,25,27,,,,,46893,89,25,94,25,97,26,100,25,102,26,103,27,106,25,108,26,114,26,114,26,116,26,118,26,
250,Cow shark 1,117484,MK10,,,,,,,,,,01-Oct-2013,06:21:00,0,0,,,,,01-Oct-2013 12:00,24.0,12.30,Dusk,360,26,28,,,,,25562,135,28,138,28,140,28,140,27,141,27,139,28,140,28,143,28,145,26,147,26,146,26,144,27,
251,Cow shark 1,117484,MK10,,,,,,,,,,01-Oct-2013,16:18:00,0,0,,,,,01-Oct-2013 23:00,10.0,13.10,Dusk,360,25,25,,,,,17366,105,25,105,25,101,25,98,25,93,25,87,25,82,25,73,25,60,25,49,25,40,25,39,25,
252,Cow shark 1,117484,MK10,02-Oct-2013,22:47:18,15.45828,0.6231539,31,2.470315,107.4587,25.5,18,02-Oct-2013,16:23:00,0,0,,,,,02-Oct-2013 23:00,12.0,15.20,Dusk,360,26,30,,,,,47908,128,26,119,30,110,30,107,30,103,30,93,30,88,28,78,28,68,27,61,28,54,28,53,28,
253,Cow shark 1,117484,MK10,03-Oct-2013,10:51:14,14.47363,0.1908732,50,1.124624,15.18243,8,5.5,03-Oct-2013,04:20:00,0,0,,,,,03-Oct-2013 00:00,10.0,12.70,Dawn,360,23,39,,,,,3031,126,27,-130,37,107,35,112,36,117,37,121,37,-110,38,112,39,128,38,155,26,-156,27,148,23,
254,Cow shark 1,117484,MK10,03-Oct-2013,22:24:59,20.9619,0.1,-19.5,1.1689,8.182297,3,4,03-Oct-2013,16:12:00,0,0,,,,,03-Oct-2013 22:00,16.0,12.10,Dusk,360,29,36,,,,,13181,130,29,124,32,117,33,112,33,104,33,103,35,100,36,100,34,96,31,85,33,72,32,59,32,
255,Cow shark 1,117484,MK10,,,,,,,,,,04-Oct-2013,04:09:00,0,0,,,,,04-Oct-2013 03:00,10.0,11.80,Dawn,360,21,21,,,,,28035,98,21,110,21,115,21,121,21,125,21,128,21,128,21,131,21,132,21,133,21,-131,21,133,21,
256,Cow shark 1,117484,MK10,04-Oct-2013,22:39:45,17.19366,1.000102,-29,5.291647,100.5413,6,13,04-Oct-2013,16:34:00,0,0,,,,,04-Oct-2013 17:00,21.0,11.50,Dusk,360,22,23,,,,,16460,-119,23,122,23,121,22,119,22,111,22,101,22,90,22,78,22,66,22,57,22,49,22,44,23,
257,Cow shark 1,117484,MK10,,,,,,,,,,05-Oct-2013,03:51:00,0,0,,,,,05-Oct-2013 03:00,21.0,11.30,Dawn,480,22,23,,,,,6285,49,23,68,23,85,22,98,22,107,22,113,22,116,22,120,23,117,23,122,22,126,22,124,22,
258,Cow shark 1,117484,MK10,,,,,,,,,,05-Oct-2013,04:20:00,0,0,,,,,05-Oct-2013 03:00,21.0,11.30,Dawn,360,22,23,,,,,10959,104,22,109,22,114,22,116,22,119,23,119,22,-118,22,122,22,126,22,-124,22,124,22,128,22,
259,Cow shark 1,117484,MK10,05-Oct-2013,22:10:46,24.36336,0.2206353,-4,1.38589,13.16595,4,5.5,05-Oct-2013,16:00:00,0,0,,,,,05-Oct-2013 21:00,21.0,11.10,Dusk,480,22,26,,,,,33947,124,26,-100,25,103,23,96,23,89,23,-71,22,81,22,71,22,60,22,51,22,43,22,39,22,
260,Cow shark 1,117484,MK10,,,,,,,,,,06-Oct-2013,03:33:00,0,0,,,,,06-Oct-2013 07:00,20.0,10.70,Dawn,720,21,23,,,,,3166,51,22,72,23,93,22,110,22,121,22,130,22,134,22,141,22,147,21,-154,22,-152,22,148,21,
261,Cow shark 1,117484,MK10,06-Oct-2013,22:34:45,18.29597,0.4458125,-31,1.298888,6.494442,2.5,2.5,06-Oct-2013,16:33:00,0,0,,,,,06-Oct-2013 18:00,21.0,10.50,Dusk,480,21,22,,,,,28897,153,22,147,22,140,22,132,22,121,21,105,21,86,22,70,21,58,21,46,22,41,21,38,21,
262,Cow shark 1,117484,MK10,07-Oct-2013,10:34:38,18.32168,0.1106445,-31,1.604221,8.823216,2.5,3,07-Oct-2013,03:36:00,0,0,,,,,07-Oct-2013 07:00,18.0,9.80,Dawn,480,20,22,,,,,22280,57,22,76,22,94,21,109,21,127,21,137,20,143,20,148,20,151,20,154,20,155,20,159,20,
263,Cow shark 1,117484,MK10,07-Oct-2013,22:32:05,18.89148,0.7178326,-33,1.62839,8.956146,2.5,3,07-Oct-2013,16:35:00,0,0,,,,,07-Oct-2013 21:00,19.0,9.70,Dusk,480,21,22,,,,,6866,153,21,149,21,141,22,134,21,124,21,99,22,92,21,76,21,64,21,52,21,45,21,42,21,
264,Cow shark 1,117484,MK10,08-Oct-2013,10:31:34,19.01884,1.285847,-33.5,3.875193,40.68952,4,6.5,08-Oct-2013,03:32:00,0,0,,,,,08-Oct-2013 00:00,20.0,9.60,Dawn,360,22,23,,,,,55868,57,22,70,23,84,22,96,22,108,22,120,22,129,22,134,22,139,22,143,22,147,22,149,22,
265,Cow shark 1,117484,MK10,,,,,,,,,,08-Oct-2013,16:54:00,0,0,,,,,08-Oct-2013 18:00,22.0,9.80,Dusk,360,23,23,,,,,55964,129,23,120,23,112,23,100,23,87,23,75,23,62,23,52,23,46,23,42,23,39,23,37,23,
266,Cow shark 1,117484,MK10,,,,,,,,,,09-Oct-2013,16:55:00,0,0,,,,,09-Oct-2013 19:00,23.0,9.80,Dusk,360,24,25,,,,,6959,113,24,108,24,97,24,86,25,74,25,65,24,54,24,47,24,43,24,40,24,38,24,37,24,
267,Cow shark 1,117484,MK10,,,,,,,,,,10-Oct-2013,04:10:00,0,0,,,,,09-Oct-2013 21:00,23.0,9.80,Dawn,360,24,25,,,,,30070,89,24,99,24,104,25,109,24,108,24,102,24,98,24,95,24,100,25,107,25,112,24,110,25,
268,Cow shark 1,117484,MK10,,,,,,,,,,10-Oct-2013,04:12:00,0,0,,,,,10-Oct-2013 00:00,23.0,9.80,Dawn,360,24,25,,,,,52406,93,24,100,25,107,24,-109,25,-107,24,100,25,-97,24,-96,24,102,24,109,24,112,24,-109,25,
269,Cow shark 1,117484,MK10,10-Oct-2013,22:37:25,17.353,0.450746,-32,2.797048,22.37639,3.5,4.5,10-Oct-2013,16:53:00,0,0,,,,,10-Oct-2013 23:00,23.0,9.80,Dusk,360,24,25,,,,,64776,111,24,104,25,99,24,90,24,77,25,64,24,54,24,47,24,43,24,40,24,39,24,38,24,
270,Cow shark 1,117484,MK10,11-Oct-2013,10:37:56,17.22455,0.1,-34,1.227358,4.909433,2,2,11-Oct-2013,03:59:00,0,0,,,,,11-Oct-2013 01:00,23.0,9.90,Dawn,360,25,25,,,,,15393,86,25,96,25,104,25,110,25,115,25,117,25,121,25,123,25,125,25,127,25,129,25,130,25,
271,Cow shark 1,117484,MK10,,,,,,,,,,11-Oct-2013,16:22:00,0,0,,,,,11-Oct-2013 16:00,24.0,9.90,Dusk,480,25,26,,,,,27528,106,25,104,25,100,25,97,25,85,25,81,25,76,25,62,26,51,26,44,26,41,26,39,26,
273,Cow shark 1,117484,MK10,,,,,,,,,,13-Oct-2013,03:35:00,0,0,,,,,13-Oct-2013 08:00,7.0,12.40,Dawn,480,15,18,,,,,42077,118,18,133,18,152,17,167,17,173,17,181,17,183,16,194,16,202,16,203,15,203,16,210,15,
274,Cow shark 1,117484,MK10,13-Oct-2013,10:35:56,17.59567,0.5766762,-23,4.283175,57.82286,5,8.5,13-Oct-2013,04:01:00,0,0,,,,,13-Oct-2013 02:00,14.0,11.80,Dawn,360,15,17,,,,,4514,170,17,173,17,180,17,181,16,185,16,194,16,202,16,-200,15,203,15,203,16,210,15,210,15,
275,Cow shark 1,117484,MK10,,,,,,,,,,13-Oct-2013,16:47:00,0,0,,,,,13-Oct-2013 16:00,0.0,16.70,Dusk,360,0,0,,,,,37183,202,0,190,0,182,0,176,0,167,0,157,0,145,0,133,0,122,0,114,0,107,0,104,0,
