DeployID,Ptt,DepthSensor,Source,Instr,Date,Time Offset,Count,LocationQuality,Latitude,Longitude,BadTherm,NumBins,Partial,Depth1,MinTemp1,MaxTemp1,Depth2,MinTemp2,MaxTemp2,Depth3,MinTemp3,MaxTemp3,Depth4,MinTemp4,MaxTemp4,Depth5,MinTemp5,MaxTemp5,Depth6,MinTemp6,MaxTemp6,Depth7,MinTemp7,MaxTemp7,Depth8,MinTemp8,MaxTemp8,Depth9,MinTemp9,MaxTemp9,Depth10,MinTemp10,MaxTemp10,Depth11,MinTemp11,MaxTemp11,Depth12,MinTemp12,MaxTemp12,Depth13,MinTemp13,MaxTemp13,Depth14,MinTemp14,MaxTemp14,Depth15,MinTemp15,MaxTemp15
"Gansbaai GW2",117494,0.500000,Argos,Mk10,14:00:00 13-Apr-2012,,,,,,0,3,,0.000000,14.80,16.80,8.000000,13.40,15.60,16.000000,13.60,15.20,,,,,,,,,,,,,,,,,,,,,,,,,,,,,,,,,,
"Gansbaai GW2",117494,0.500000,DAP,Mk10,14:53:00 13-Apr-2012,,,,,,0,3,,0.000000,14.85,16.75,8.000000,13.45,15.60,16.000000,13.60,15.15,,,,,,,,,,,,,,,,,,,,,,,,,,,,,,,,,,
"Gansbaai GW2",117494,0.500000,Argos,Mk10,18:00:00 13-Apr-2012,,,,,,0,3,,0.000000,15.00,16.80,8.000000,13.60,16.20,16.000000,13.80,15.20,,,,,,,,,,,,,,,,,,,,,,,,,,,,,,,,,,
"Gansbaai GW2",117494,0.500000,Argos,Mk10,00:00:00 14-Apr-2012,,,,,,0,3,,0.000000,15.00,16.00,8.000000,13.60,16.00,16.000000,13.80,15.00,,,,,,,,,,,,,,,,,,,,,,,,,,,,,,,,,,
"Gansbaai GW2",117494,0.500000,Argos,Mk10,06:00:00 14-Apr-2012,,,,,,0,3,,0.000000,15.60,16.40,8.000000,13.20,16.40,16.000000,13.20,15.80,,,,,,,,,,,,,,,,,,,,,,,,,,,,,,,,,,
"Gansbaai GW2",117494,0.500000,Argos,Mk10,12:00:00 14-Apr-2012,,,,,,0,3,,0.000000,15.60,16.20,8.000000,14.20,16.40,16.000000,14.20,15.20,,,,,,,,,,,,,,,,,,,,,,,,,,,,,,,,,,
"Gansbaai GW2",117494,0.500000,Argos,Mk10,18:00:00 14-Apr-2012,,,,,,0,4,,0.000000,15.40,16.80,8.000000,15.40,17.20,16.000000,15.40,17.40,24.000000,16.20,17.20,,,,,,,,,,,,,,,,,,,,,,,,,,,,,,,
"Gansbaai GW2",117494,0.500000,Argos,Mk10,00:00:00 15-Apr-2012,,,,,,0,4,,0.000000,16.00,17.00,8.000000,15.40,17.00,16.000000,13.80,16.80,24.000000,13.40,14.60,,,,,,,,,,,,,,,,,,,,,,,,,,,,,,,
"Gansbaai GW2",117494,0.500000,Argos,Mk10,06:00:00 15-Apr-2012,,,GPE,-39.00000000,20.66913033,0,5,,0.000000,15.40,15.80,8.000000,15.20,15.80,16.000000,15.20,15.80,24.000000,15.20,15.80,32.000000,15.20,15.20,,,,,,,,,,,,,,,,,,,,,,,,,,,,
"Gansbaai GW2",117494,0.500000,Argos,Mk10,12:00:00 15-Apr-2012,,,GPE,-39.00000000,20.66913033,0,4,,0.000000,15.00,15.60,8.000000,14.80,15.60,16.000000,14.80,15.40,24.000000,14.80,15.00,,,,,,,,,,,,,,,,,,,,,,,,,,,,,,,
"Gansbaai GW2",117494,0.500000,Argos,Mk10,18:00:00 15-Apr-2012,,,GPE,-36.50000000,20.60540962,0,4,,0.000000,14.80,16.60,8.000000,14.80,16.40,16.000000,14.80,16.20,24.000000,15.40,15.60,,,,,,,,,,,,,,,,,,,,,,,,,,,,,,,
"Gansbaai GW2",117494,0.500000,Argos,Mk10,00:00:00 16-Apr-2012,,,GPE,-36.50000000,20.60540962,0,4,,0.000000,16.40,18.00,8.000000,15.80,18.60,16.000000,15.60,18.60,24.000000,15.60,15.80,,,,,,,,,,,,,,,,,,,,,,,,,,,,,,,
"Gansbaai GW2",117494,0.500000,Argos,Mk10,06:00:00 16-Apr-2012,,,GPE,-36.50000000,20.60540962,0,2,,0.000000,18.80,18.80,8.000000,18.40,19.00,,,,,,,,,,,,,,,,,,,,,,,,,,,,,,,,,,,,,
"Gansbaai GW2",117494,0.500000,Argos,Mk10,12:00:00 16-Apr-2012,,,GPE,-36.50000000,20.60540962,0,3,,0.000000,18.80,19.00,8.000000,18.20,19.00,16.000000,18.20,18.40,,,,,,,,,,,,,,,,,,,,,,,,,,,,,,,,,,
"Gansbaai GW2",117494,0.500000,Argos,Mk10,18:00:00 16-Apr-2012,,,GPE,-36.50000000,20.60540962,0,4,,0.000000,18.60,19.00,8.000000,18.00,19.00,16.000000,17.20,19.00,24.000000,16.80,17.60,,,,,,,,,,,,,,,,,,,,,,,,,,,,,,,
"Gansbaai GW2",117494,0.500000,Argos,Mk10,00:00:00 17-Apr-2012,,,GPE,-36.50000000,20.60540962,0,3,,0.000000,18.60,18.80,8.000000,18.20,18.80,16.000000,17.80,18.60,,,,,,,,,,,,,,,,,,,,,,,,,,,,,,,,,,
"Gansbaai GW2",117494,0.500000,Argos,Mk10,06:00:00 17-Apr-2012,,,GPE,-38.00000000,20.01073074,0,4,,0.000000,18.40,19.00,8.000000,17.80,18.60,16.000000,17.00,18.60,24.000000,17.00,17.20,,,,,,,,,,,,,,,,,,,,,,,,,,,,,,,
"Gansbaai GW2",117494,0.500000,Argos,Mk10,12:00:00 17-Apr-2012,,,GPE,-38.00000000,20.01073074,0,3,,0.000000,18.60,18.80,8.000000,18.00,18.80,16.000000,18.00,18.60,,,,,,,,,,,,,,,,,,,,,,,,,,,,,,,,,,
"Gansbaai GW2",117494,0.500000,Argos,Mk10,18:00:00 17-Apr-2012,,,GPE,-38.00000000,20.01073074,0,3,,0.000000,18.60,18.80,8.000000,18.40,18.80,16.000000,17.80,18.60,,,,,,,,,,,,,,,,,,,,,,,,,,,,,,,,,,
"Gansbaai GW2",117494,0.500000,Argos,Mk10,00:00:00 18-Apr-2012,,,GPE,-38.00000000,20.01073074,0,3,,0.000000,18.60,18.80,8.000000,18.20,18.80,16.000000,18.00,18.60,,,,,,,,,,,,,,,,,,,,,,,,,,,,,,,,,,
"Gansbaai GW2",117494,0.500000,Argos,Mk10,06:00:00 18-Apr-2012,,,GPE,-38.00000000,20.01073074,0,3,,0.000000,18.60,19.00,8.000000,18.60,18.80,16.000000,18.60,18.60,,,,,,,,,,,,,,,,,,,,,,,,,,,,,,,,,,
"Gansbaai GW2",117494,0.500000,Argos,Mk10,12:00:00 18-Apr-2012,,,GPE,-38.00000000,20.01073074,0,2,,0.000000,18.80,19.00,8.000000,18.60,19.00,,,,,,,,,,,,,,,,,,,,,,,,,,,,,,,,,,,,,
"Gansbaai GW2",117494,0.500000,Argos,Mk10,18:00:00 18-Apr-2012,,,GPE,-38.00000000,20.01073074,0,4,,0.000000,18.60,18.80,8.000000,18.40,18.80,16.000000,16.40,18.60,24.000000,15.20,16.60,,,,,,,,,,,,,,,,,,,,,,,,,,,,,,,
"Gansbaai GW2",117494,0.500000,Argos,Mk10,00:00:00 19-Apr-2012,,,GPE,-38.00000000,20.01073074,0,3,,0.000000,18.60,18.80,8.000000,17.20,18.80,16.000000,17.20,18.80,,,,,,,,,,,,,,,,,,,,,,,,,,,,,,,,,,
"Gansbaai GW2",117494,0.500000,Argos,Mk10,06:00:00 19-Apr-2012,,,GPE,-33.50000000,21.47459984,0,4,,0.000000,16.60,18.60,8.000000,14.80,18.60,16.000000,14.60,17.80,24.000000,13.80,15.20,,,,,,,,,,,,,,,,,,,,,,,,,,,,,,,
"Gansbaai GW2",117494,0.500000,Argos,Mk10,12:00:00 19-Apr-2012,,,GPE,-33.50000000,21.47459984,0,3,,0.000000,17.40,19.00,8.000000,17.20,19.00,16.000000,17.00,18.60,,,,,,,,,,,,,,,,,,,,,,,,,,,,,,,,,,
"Gansbaai GW2",117494,0.500000,Argos,Mk10,18:00:00 19-Apr-2012,,,GPE,-33.50000000,21.47459984,0,3,,0.000000,18.80,19.00,8.000000,18.00,19.00,16.000000,16.80,18.80,,,,,,,,,,,,,,,,,,,,,,,,,,,,,,,,,,
"Gansbaai GW2",117494,0.500000,Argos,Mk10,00:00:00 20-Apr-2012,,,GPE,-33.50000000,21.47459984,0,3,,0.000000,18.40,18.80,8.000000,18.60,18.80,16.000000,18.20,18.80,,,,,,,,,,,,,,,,,,,,,,,,,,,,,,,,,,
"Gansbaai GW2",117494,0.500000,Argos,Mk10,06:00:00 20-Apr-2012,,,GPE,-33.50000000,21.47459984,0,4,,0.000000,18.60,18.80,8.000000,18.40,18.80,16.000000,15.20,18.60,24.000000,18.60,18.60,,,,,,,,,,,,,,,,,,,,,,,,,,,,,,,
"Gansbaai GW2",117494,0.500000,Argos,Mk10,12:00:00 20-Apr-2012,,,GPE,-33.50000000,21.47459984,0,3,,0.000000,18.60,18.80,8.000000,18.40,18.80,16.000000,18.00,18.80,,,,,,,,,,,,,,,,,,,,,,,,,,,,,,,,,,
"Gansbaai GW2",117494,0.500000,Argos,Mk10,18:00:00 20-Apr-2012,,,GPE,-34.50000000,21.59774971,0,3,,0.000000,18.60,18.80,8.000000,17.60,18.80,16.000000,15.60,18.80,,,,,,,,,,,,,,,,,,,,,,,,,,,,,,,,,,
"Gansbaai GW2",117494,0.500000,Argos,Mk10,00:00:00 21-Apr-2012,,,GPE,-34.50000000,21.59774971,0,4,,0.000000,18.80,19.00,8.000000,18.00,19.00,16.000000,16.00,19.00,24.000000,15.00,19.00,,,,,,,,,,,,,,,,,,,,,,,,,,,,,,,
"Gansbaai GW2",117494,0.500000,Argos,Mk10,06:00:00 21-Apr-2012,,,GPE,-34.50000000,21.59774971,0,3,,0.000000,18.20,18.60,8.000000,18.00,18.60,16.000000,17.60,18.20,,,,,,,,,,,,,,,,,,,,,,,,,,,,,,,,,,
"Gansbaai GW2",117494,0.500000,Argos,Mk10,12:00:00 21-Apr-2012,,,GPE,-34.50000000,21.59774971,0,2,,0.000000,18.60,18.80,8.000000,18.40,18.60,,,,,,,,,,,,,,,,,,,,,,,,,,,,,,,,,,,,,
"Gansbaai GW2",117494,0.500000,Argos,Mk10,18:00:00 21-Apr-2012,,,GPE,-34.50000000,21.59774971,0,2,,0.000000,18.40,18.80,8.000000,18.40,18.60,,,,,,,,,,,,,,,,,,,,,,,,,,,,,,,,,,,,,
"Gansbaai GW2",117494,0.500000,Argos,Mk10,00:00:00 22-Apr-2012,,,GPE,-34.50000000,21.59774971,0,2,,0.000000,18.40,18.60,8.000000,18.40,18.60,,,,,,,,,,,,,,,,,,,,,,,,,,,,,,,,,,,,,
"Gansbaai GW2",117494,0.500000,Argos,Mk10,06:00:00 22-Apr-2012,,,GPE,-40.50000000,21.57592010,0,2,,0.000000,18.40,18.60,8.000000,18.40,18.60,,,,,,,,,,,,,,,,,,,,,,,,,,,,,,,,,,,,,
"Gansbaai GW2",117494,0.500000,Argos,Mk10,12:00:00 22-Apr-2012,,,GPE,-40.50000000,21.57592010,0,3,,0.000000,18.40,18.80,8.000000,18.40,18.80,16.000000,18.40,18.80,,,,,,,,,,,,,,,,,,,,,,,,,,,,,,,,,,
"Gansbaai GW2",117494,0.500000,Argos,Mk10,18:00:00 22-Apr-2012,,,GPE,-36.00000000,21.07825089,0,4,,0.000000,18.40,18.60,8.000000,18.40,18.60,16.000000,17.40,18.60,24.000000,17.20,18.40,,,,,,,,,,,,,,,,,,,,,,,,,,,,,,,
"Gansbaai GW2",117494,0.500000,Argos,Mk10,00:00:00 23-Apr-2012,,,GPE,-36.00000000,21.07825089,0,4,,0.000000,18.20,18.60,8.000000,18.00,18.60,16.000000,17.80,18.60,24.000000,17.60,18.40,,,,,,,,,,,,,,,,,,,,,,,,,,,,,,,
"Gansbaai GW2",117494,0.500000,Argos,Mk10,06:00:00 23-Apr-2012,,,GPE,-36.00000000,21.07825089,0,3,,0.000000,18.40,18.60,8.000000,18.40,18.60,16.000000,18.20,18.60,,,,,,,,,,,,,,,,,,,,,,,,,,,,,,,,,,
"Gansbaai GW2",117494,0.500000,Argos,Mk10,12:00:00 23-Apr-2012,,,GPE,-36.00000000,21.07825089,0,4,,0.000000,18.60,18.60,8.000000,18.40,18.60,16.000000,18.40,18.80,24.000000,18.40,18.80,,,,,,,,,,,,,,,,,,,,,,,,,,,,,,,
"Gansbaai GW2",117494,0.500000,Argos,Mk10,18:00:00 23-Apr-2012,,,GPE,-36.00000000,21.07825089,0,3,,8.000000,18.80,18.80,16.000000,18.80,18.80,24.000000,18.80,18.80,,,,,,,,,,,,,,,,,,,,,,,,,,,,,,,,,,
"Gansbaai GW2",117494,0.500000,Argos,Mk10,00:00:00 24-Apr-2012,,,GPE,-36.00000000,21.07825089,0,3,,8.000000,18.80,18.80,16.000000,18.60,18.80,24.000000,18.60,18.80,,,,,,,,,,,,,,,,,,,,,,,,,,,,,,,,,,
"Gansbaai GW2",117494,0.500000,Argos,Mk10,06:00:00 24-Apr-2012,,,GPE,-36.00000000,21.07825089,0,2,,16.000000,18.40,18.60,24.000000,18.40,18.60,,,,,,,,,,,,,,,,,,,,,,,,,,,,,,,,,,,,,
"Gansbaai GW2",117494,0.500000,Argos,Mk10,12:00:00 24-Apr-2012,,,GPE,-36.00000000,21.07825089,0,4,,0.000000,18.20,18.60,8.000000,18.20,18.60,16.000000,18.00,18.60,24.000000,16.20,18.60,,,,,,,,,,,,,,,,,,,,,,,,,,,,,,,
"Gansbaai GW2",117494,0.500000,Argos,Mk10,18:00:00 24-Apr-2012,,,GPE,-36.00000000,20.96845055,0,7,,0.000000,18.00,18.60,8.000000,18.00,18.60,16.000000,18.20,18.60,24.000000,16.20,18.60,32.000000,11.60,12.60,40.000000,11.60,11.80,48.000000,11.60,11.60,,,,,,,,,,,,,,,,,,,,,,
"Gansbaai GW2",117494,0.500000,Argos,Mk10,00:00:00 25-Apr-2012,,,GPE,-36.00000000,20.96845055,0,4,,0.000000,17.80,18.40,8.000000,18.00,18.40,16.000000,18.00,18.40,24.000000,18.20,18.40,,,,,,,,,,,,,,,,,,,,,,,,,,,,,,,
"Gansbaai GW2",117494,0.500000,Argos,Mk10,06:00:00 25-Apr-2012,,,GPE,-32.50000000,21.38941956,0,3,,0.000000,18.00,18.00,8.000000,18.00,18.00,16.000000,18.00,18.00,,,,,,,,,,,,,,,,,,,,,,,,,,,,,,,,,,
"Gansbaai GW2",117494,0.500000,Argos,Mk10,12:00:00 25-Apr-2012,,,GPE,-32.50000000,21.38941956,0,2,,0.000000,17.00,18.00,8.000000,15.60,18.00,,,,,,,,,,,,,,,,,,,,,,,,,,,,,,,,,,,,,
"Gansbaai GW2",117494,0.500000,Argos,Mk10,18:00:00 25-Apr-2012,,,GPE,-37.50000000,22.05205917,0,3,,0.000000,16.80,18.00,8.000000,13.20,17.80,16.000000,12.20,17.20,,,,,,,,,,,,,,,,,,,,,,,,,,,,,,,,,,
"Gansbaai GW2",117494,0.500000,Argos,Mk10,00:00:00 26-Apr-2012,,,GPE,-37.50000000,22.05205917,0,3,,0.000000,16.40,17.40,8.000000,15.40,17.40,16.000000,12.40,17.00,,,,,,,,,,,,,,,,,,,,,,,,,,,,,,,,,,
"Gansbaai GW2",117494,0.500000,Argos,Mk10,06:00:00 26-Apr-2012,,,GPE,-35.50000000,21.22879982,0,4,,0.000000,16.40,17.80,8.000000,12.80,17.60,16.000000,12.20,17.00,24.000000,12.20,13.00,,,,,,,,,,,,,,,,,,,,,,,,,,,,,,,
"Gansbaai GW2",117494,0.500000,Argos,Mk10,12:00:00 26-Apr-2012,,,GPE,-35.50000000,21.22879982,0,3,,0.000000,16.60,18.40,8.000000,14.80,18.20,16.000000,14.80,16.80,,,,,,,,,,,,,,,,,,,,,,,,,,,,,,,,,,
"Gansbaai GW2",117494,0.500000,Argos,Mk10,18:00:00 26-Apr-2012,,,GPE,-35.50000000,21.22879982,0,7,,0.000000,17.80,18.40,8.000000,17.40,18.40,16.000000,14.00,18.20,24.000000,12.00,18.00,32.000000,11.40,15.20,40.000000,11.40,12.00,48.000000,11.40,11.40,,,,,,,,,,,,,,,,,,,,,,
"Gansbaai GW2",117494,0.500000,Argos,Mk10,00:00:00 27-Apr-2012,,,GPE,-35.50000000,21.22879982,0,4,,0.000000,16.40,18.20,8.000000,15.00,18.20,16.000000,13.40,16.60,24.000000,12.80,14.40,,,,,,,,,,,,,,,,,,,,,,,,,,,,,,,
"Gansbaai GW2",117494,0.500000,Argos,Mk10,06:00:00 27-Apr-2012,,,GPE,-35.50000000,21.22879982,0,3,,0.000000,15.40,18.00,8.000000,15.20,16.80,16.000000,15.40,15.80,,,,,,,,,,,,,,,,,,,,,,,,,,,,,,,,,,
"Gansbaai GW2",117494,0.500000,Argos,Mk10,12:00:00 27-Apr-2012,,,GPE,-35.50000000,21.22879982,0,3,,0.000000,16.60,17.20,8.000000,16.00,17.60,16.000000,16.60,17.00,,,,,,,,,,,,,,,,,,,,,,,,,,,,,,,,,,
"Gansbaai GW2",117494,0.500000,Argos,Mk10,18:00:00 27-Apr-2012,,,GPE,-35.50000000,21.22879982,0,2,,0.000000,16.40,17.40,8.000000,16.40,17.60,,,,,,,,,,,,,,,,,,,,,,,,,,,,,,,,,,,,,
"Gansbaai GW2",117494,0.500000,Argos,Mk10,00:00:00 28-Apr-2012,,,GPE,-35.50000000,21.22879982,0,2,,0.000000,16.80,17.60,8.000000,16.80,17.40,,,,,,,,,,,,,,,,,,,,,,,,,,,,,,,,,,,,,
"Gansbaai GW2",117494,0.500000,Argos,Mk10,06:00:00 28-Apr-2012,,,GPE,-35.00000000,21.59543037,0,2,,0.000000,17.00,17.20,8.000000,16.20,17.40,,,,,,,,,,,,,,,,,,,,,,,,,,,,,,,,,,,,,
"Gansbaai GW2",117494,0.500000,Argos,Mk10,12:00:00 28-Apr-2012,,,GPE,-35.00000000,21.59543037,0,2,,0.000000,17.60,17.60,8.000000,16.80,17.80,,,,,,,,,,,,,,,,,,,,,,,,,,,,,,,,,,,,,
"Gansbaai GW2",117494,0.500000,Argos,Mk10,18:00:00 28-Apr-2012,,,GPE,-35.00000000,21.59543037,0,2,,0.000000,16.40,18.00,8.000000,16.20,18.00,,,,,,,,,,,,,,,,,,,,,,,,,,,,,,,,,,,,,
"Gansbaai GW2",117494,0.500000,Argos,Mk10,00:00:00 29-Apr-2012,,,GPE,-35.00000000,21.59543037,0,2,,0.000000,16.60,17.80,8.000000,16.40,17.80,,,,,,,,,,,,,,,,,,,,,,,,,,,,,,,,,,,,,
"Gansbaai GW2",117494,0.500000,Argos,Mk10,06:00:00 29-Apr-2012,,,GPE,-35.00000000,21.59543037,0,2,,0.000000,17.40,17.80,8.000000,16.80,17.60,,,,,,,,,,,,,,,,,,,,,,,,,,,,,,,,,,,,,
"Gansbaai GW2",117494,0.500000,Argos,Mk10,12:00:00 29-Apr-2012,,,GPE,-35.00000000,21.59543037,0,2,,0.000000,17.40,17.80,8.000000,17.00,17.80,,,,,,,,,,,,,,,,,,,,,,,,,,,,,,,,,,,,,
"Gansbaai GW2",117494,0.500000,Argos,Mk10,18:00:00 29-Apr-2012,,,GPE,-34.50000000,21.37100029,0,3,,0.000000,17.60,18.00,8.000000,16.60,18.00,16.000000,17.40,17.60,,,,,,,,,,,,,,,,,,,,,,,,,,,,,,,,,,
"Gansbaai GW2",117494,0.500000,Argos,Mk10,00:00:00 30-Apr-2012,,,GPE,-34.50000000,21.37100029,0,2,,0.000000,17.40,18.00,8.000000,16.60,18.00,,,,,,,,,,,,,,,,,,,,,,,,,,,,,,,,,,,,,
"Gansbaai GW2",117494,0.500000,Argos,Mk10,06:00:00 30-Apr-2012,,,GPE,-37.50000000,21.43330002,0,2,,0.000000,17.60,18.00,8.000000,17.40,18.00,,,,,,,,,,,,,,,,,,,,,,,,,,,,,,,,,,,,,
"Gansbaai GW2",117494,0.500000,Argos,Mk10,12:00:00 30-Apr-2012,,,GPE,-37.50000000,21.43330002,0,3,,0.000000,17.60,18.00,8.000000,17.40,18.00,16.000000,17.00,17.60,,,,,,,,,,,,,,,,,,,,,,,,,,,,,,,,,,
"Gansbaai GW2",117494,0.500000,Argos,Mk10,18:00:00 30-Apr-2012,,,GPE,-37.50000000,21.43330002,0,3,,0.000000,16.80,17.80,8.000000,15.00,17.80,16.000000,15.80,17.20,,,,,,,,,,,,,,,,,,,,,,,,,,,,,,,,,,
"Gansbaai GW2",117494,0.500000,Argos,Mk10,00:00:00 01-May-2012,,,GPE,-37.50000000,21.43330002,0,3,,0.000000,17.20,17.40,8.000000,16.80,17.40,16.000000,16.80,17.20,,,,,,,,,,,,,,,,,,,,,,,,,,,,,,,,,,
"Gansbaai GW2",117494,0.500000,Argos,Mk10,06:00:00 01-May-2012,,,GPE,-34.50000000,21.05373001,0,3,,0.000000,17.20,17.60,8.000000,16.80,17.40,16.000000,16.60,17.20,,,,,,,,,,,,,,,,,,,,,,,,,,,,,,,,,,
"Gansbaai GW2",117494,0.500000,Argos,Mk10,12:00:00 01-May-2012,,,GPE,-34.50000000,21.05373001,0,4,,0.000000,17.20,17.80,8.000000,16.80,17.80,16.000000,15.80,17.60,24.000000,15.60,17.40,,,,,,,,,,,,,,,,,,,,,,,,,,,,,,,
"Gansbaai GW2",117494,0.500000,Argos,Mk10,18:00:00 01-May-2012,,,GPE,-34.50000000,21.05373001,0,4,,0.000000,17.60,18.00,8.000000,17.40,18.20,16.000000,16.60,18.20,24.000000,16.40,17.20,,,,,,,,,,,,,,,,,,,,,,,,,,,,,,,
"Gansbaai GW2",117494,0.500000,Argos,Mk10,00:00:00 02-May-2012,,,GPE,-34.50000000,21.05373001,0,4,,0.000000,17.40,17.40,8.000000,17.40,17.60,16.000000,17.20,17.60,24.000000,17.20,17.20,,,,,,,,,,,,,,,,,,,,,,,,,,,,,,,
"Gansbaai GW2",117494,0.500000,Argos,Mk10,06:00:00 02-May-2012,,,GPE,-34.50000000,21.05373001,0,3,,0.000000,17.20,17.60,8.000000,17.20,17.60,16.000000,17.20,17.40,,,,,,,,,,,,,,,,,,,,,,,,,,,,,,,,,,
"Gansbaai GW2",117494,0.500000,Argos,Mk10,12:00:00 02-May-2012,,,GPE,-34.50000000,21.05373001,0,4,,0.000000,17.60,17.60,8.000000,17.40,17.60,16.000000,17.40,17.60,24.000000,17.40,17.60,,,,,,,,,,,,,,,,,,,,,,,,,,,,,,,
"Gansbaai GW2",117494,0.500000,Argos,Mk10,18:00:00 02-May-2012,,,GPE,-34.50000000,21.05373001,0,3,,0.000000,17.40,17.40,8.000000,17.20,17.60,16.000000,17.20,17.60,,,,,,,,,,,,,,,,,,,,,,,,,,,,,,,,,,
"Gansbaai GW2",117494,0.500000,Argos,Mk10,00:00:00 03-May-2012,,,GPE,-34.50000000,21.05373001,0,3,,0.000000,17.40,17.60,8.000000,17.20,17.60,16.000000,17.40,17.60,,,,,,,,,,,,,,,,,,,,,,,,,,,,,,,,,,
"Gansbaai GW2",117494,0.500000,Argos,Mk10,06:00:00 03-May-2012,,,GPE,-38.50000000,19.48810005,0,4,,0.000000,17.40,17.60,8.000000,17.40,17.60,16.000000,17.40,17.60,24.000000,17.40,17.40,,,,,,,,,,,,,,,,,,,,,,,,,,,,,,,
"Gansbaai GW2",117494,0.500000,Argos,Mk10,12:00:00 03-May-2012,,,GPE,-38.50000000,19.48810005,0,3,,8.000000,17.80,17.80,16.000000,17.40,17.80,24.000000,17.60,17.80,,,,,,,,,,,,,,,,,,,,,,,,,,,,,,,,,,
"Gansbaai GW2",117494,0.500000,Argos,Mk10,18:00:00 03-May-2012,,,GPE,-39.00000000,19.08423042,0,3,,8.000000,17.80,17.80,16.000000,17.60,17.80,24.000000,17.60,17.80,,,,,,,,,,,,,,,,,,,,,,,,,,,,,,,,,,
"Gansbaai GW2",117494,0.500000,Argos,Mk10,00:00:00 04-May-2012,,,GPE,-39.00000000,19.08423042,0,3,,0.000000,17.80,18.00,8.000000,17.80,18.00,16.000000,17.80,18.00,,,,,,,,,,,,,,,,,,,,,,,,,,,,,,,,,,
"Gansbaai GW2",117494,0.500000,Argos,Mk10,06:00:00 04-May-2012,,,GPE,-25.50000000,22.57908058,0,4,,0.000000,17.80,18.00,8.000000,18.00,18.00,16.000000,17.80,18.00,24.000000,17.80,18.00,,,,,,,,,,,,,,,,,,,,,,,,,,,,,,,
"Gansbaai GW2",117494,0.500000,Argos,Mk10,12:00:00 04-May-2012,,,GPE,-25.50000000,22.57908058,0,4,,0.000000,17.80,18.00,8.000000,17.60,18.00,16.000000,17.60,18.00,24.000000,17.80,18.00,,,,,,,,,,,,,,,,,,,,,,,,,,,,,,,
"Gansbaai GW2",117494,0.500000,Argos,Mk10,18:00:00 04-May-2012,,,GPE,-34.00000000,23.27906036,0,5,,0.000000,17.80,18.00,8.000000,17.80,18.00,16.000000,17.60,18.00,24.000000,17.00,18.00,32.000000,17.00,18.00,,,,,,,,,,,,,,,,,,,,,,,,,,,,
"Gansbaai GW2",117494,0.500000,Argos,Mk10,00:00:00 05-May-2012,,,GPE,-34.00000000,23.27906036,0,5,,0.000000,17.40,18.00,8.000000,17.40,18.00,16.000000,17.40,18.00,24.000000,17.40,18.00,32.000000,17.40,17.80,,,,,,,,,,,,,,,,,,,,,,,,,,,,
"Gansbaai GW2",117494,0.500000,Argos,Mk10,06:00:00 05-May-2012,,,GPE,-38.50000000,21.68000031,0,4,,0.000000,17.80,18.20,8.000000,17.80,18.00,16.000000,17.60,18.00,24.000000,17.40,18.00,,,,,,,,,,,,,,,,,,,,,,,,,,,,,,,
"Gansbaai GW2",117494,0.500000,Argos,Mk10,12:00:00 05-May-2012,,,GPE,-38.50000000,21.68000031,0,4,,0.000000,17.00,18.20,8.000000,17.20,18.00,16.000000,17.40,18.00,24.000000,17.80,18.00,,,,,,,,,,,,,,,,,,,,,,,,,,,,,,,
"Gansbaai GW2",117494,0.500000,Argos,Mk10,18:00:00 05-May-2012,,,GPE,-37.50000000,21.76964951,0,4,,0.000000,17.80,18.00,8.000000,17.60,18.00,16.000000,17.60,18.00,24.000000,17.80,18.00,,,,,,,,,,,,,,,,,,,,,,,,,,,,,,,
"Gansbaai GW2",117494,0.500000,Argos,Mk10,00:00:00 06-May-2012,,,GPE,-37.50000000,21.76964951,0,5,,0.000000,18.00,18.00,8.000000,17.80,18.00,16.000000,17.80,18.20,24.000000,18.00,18.20,32.000000,18.20,18.20,,,,,,,,,,,,,,,,,,,,,,,,,,,,
"Gansbaai GW2",117494,0.500000,Argos,Mk10,06:00:00 06-May-2012,,,GPE,-37.50000000,21.59754944,0,4,,0.000000,17.80,18.20,8.000000,17.80,18.20,16.000000,18.00,18.20,24.000000,18.00,18.20,,,,,,,,,,,,,,,,,,,,,,,,,,,,,,,
"Gansbaai GW2",117494,0.500000,Argos,Mk10,12:00:00 06-May-2012,,,GPE,-37.50000000,21.59754944,0,4,,0.000000,17.60,18.20,8.000000,17.60,18.20,16.000000,17.60,18.20,24.000000,17.60,18.00,,,,,,,,,,,,,,,,,,,,,,,,,,,,,,,
"Gansbaai GW2",117494,0.500000,Argos,Mk10,18:00:00 06-May-2012,,,GPE,-36.00000000,21.41419029,0,4,,0.000000,17.80,18.20,8.000000,17.80,18.20,16.000000,18.00,18.20,24.000000,18.00,18.00,,,,,,,,,,,,,,,,,,,,,,,,,,,,,,,
"Gansbaai GW2",117494,0.500000,Argos,Mk10,00:00:00 07-May-2012,,,GPE,-36.00000000,21.41419029,0,3,,0.000000,17.80,18.00,8.000000,17.80,18.00,16.000000,17.80,18.00,,,,,,,,,,,,,,,,,,,,,,,,,,,,,,,,,,
"Gansbaai GW2",117494,0.500000,Argos,Mk10,06:00:00 07-May-2012,,,GPE,-35.00000000,21.48094940,0,3,,0.000000,17.80,18.20,8.000000,17.60,18.00,16.000000,17.80,18.00,,,,,,,,,,,,,,,,,,,,,,,,,,,,,,,,,,
"Gansbaai GW2",117494,0.500000,Argos,Mk10,12:00:00 07-May-2012,,,GPE,-35.00000000,21.48094940,0,5,,0.000000,18.00,18.20,8.000000,18.00,18.20,16.000000,17.80,18.20,24.000000,17.80,18.20,32.000000,17.80,18.00,,,,,,,,,,,,,,,,,,,,,,,,,,,,
"Gansbaai GW2",117494,0.500000,Argos,Mk10,18:00:00 07-May-2012,,,GPE,-35.50000000,20.94907951,0,5,,0.000000,18.00,18.20,8.000000,18.00,18.20,16.000000,18.00,18.20,24.000000,17.80,18.00,32.000000,17.80,18.00,,,,,,,,,,,,,,,,,,,,,,,,,,,,
"Gansbaai GW2",117494,0.500000,Argos,Mk10,00:00:00 08-May-2012,,,GPE,-35.50000000,20.94907951,0,3,,0.000000,18.00,18.20,8.000000,18.00,18.20,16.000000,18.00,18.20,,,,,,,,,,,,,,,,,,,,,,,,,,,,,,,,,,
"Gansbaai GW2",117494,0.500000,Argos,Mk10,06:00:00 08-May-2012,,,GPE,-36.00000000,20.72296906,0,3,,0.000000,18.20,18.40,8.000000,18.00,18.20,16.000000,18.00,18.20,,,,,,,,,,,,,,,,,,,,,,,,,,,,,,,,,,
"Gansbaai GW2",117494,0.500000,Argos,Mk10,12:00:00 08-May-2012,,,GPE,-36.00000000,20.72296906,0,4,,0.000000,18.00,18.60,8.000000,18.00,18.20,16.000000,18.00,18.20,24.000000,18.00,18.20,,,,,,,,,,,,,,,,,,,,,,,,,,,,,,,
"Gansbaai GW2",117494,0.500000,Argos,Mk10,18:00:00 08-May-2012,,,GPE,-35.00000000,21.24860001,0,4,,0.000000,18.00,18.20,8.000000,18.00,18.20,16.000000,18.00,18.20,24.000000,18.00,18.20,,,,,,,,,,,,,,,,,,,,,,,,,,,,,,,
"Gansbaai GW2",117494,0.500000,Argos,Mk10,00:00:00 09-May-2012,,,GPE,-35.00000000,21.24860001,0,3,,0.000000,18.00,18.20,8.000000,18.00,18.20,16.000000,18.00,18.00,,,,,,,,,,,,,,,,,,,,,,,,,,,,,,,,,,
"Gansbaai GW2",117494,0.500000,Argos,Mk10,06:00:00 09-May-2012,,,GPE,-36.50000000,20.69982910,0,2,,0.000000,18.00,18.20,8.000000,18.00,18.20,,,,,,,,,,,,,,,,,,,,,,,,,,,,,,,,,,,,,
"Gansbaai GW2",117494,0.500000,Argos,Mk10,12:00:00 09-May-2012,,,GPE,-36.50000000,20.69982910,0,3,,0.000000,18.00,18.20,8.000000,18.00,18.20,16.000000,18.00,18.20,,,,,,,,,,,,,,,,,,,,,,,,,,,,,,,,,,
"Gansbaai GW2",117494,0.500000,Argos,Mk10,18:00:00 09-May-2012,,,GPE,-36.00000000,20.71799088,0,4,,0.000000,18.00,18.20,8.000000,18.00,18.20,16.000000,18.00,18.00,24.000000,18.00,18.00,,,,,,,,,,,,,,,,,,,,,,,,,,,,,,,
"Gansbaai GW2",117494,0.500000,Argos,Mk10,00:00:00 10-May-2012,,,GPE,-36.00000000,20.71799088,0,3,,0.000000,18.00,18.00,8.000000,18.00,18.00,16.000000,18.00,18.00,,,,,,,,,,,,,,,,,,,,,,,,,,,,,,,,,,
"Gansbaai GW2",117494,0.500000,Argos,Mk10,06:00:00 10-May-2012,,,GPE,-36.50000000,20.32125092,0,4,,0.000000,17.80,18.00,8.000000,17.80,18.00,16.000000,17.80,18.00,24.000000,18.00,18.00,,,,,,,,,,,,,,,,,,,,,,,,,,,,,,,
"Gansbaai GW2",117494,0.500000,Argos,Mk10,12:00:00 10-May-2012,,,GPE,-36.50000000,20.32125092,0,3,,0.000000,17.60,18.00,8.000000,17.60,18.00,16.000000,17.60,17.80,,,,,,,,,,,,,,,,,,,,,,,,,,,,,,,,,,
"Gansbaai GW2",117494,0.500000,Argos,Mk10,18:00:00 10-May-2012,,,GPE,-36.50000000,20.34917068,0,2,,0.000000,17.40,17.80,8.000000,17.60,17.80,,,,,,,,,,,,,,,,,,,,,,,,,,,,,,,,,,,,,
"Gansbaai GW2",117494,0.500000,Argos,Mk10,00:00:00 11-May-2012,,,GPE,-36.50000000,20.34917068,0,3,,0.000000,16.80,17.60,8.000000,16.80,17.40,16.000000,16.80,17.40,,,,,,,,,,,,,,,,,,,,,,,,,,,,,,,,,,
"Gansbaai GW2",117494,0.500000,Argos,Mk10,06:00:00 11-May-2012,,,GPE,-36.00000000,20.22205925,0,5,,0.000000,16.60,17.00,8.000000,16.60,17.00,16.000000,16.60,16.80,24.000000,16.60,16.80,32.000000,16.40,16.40,,,,,,,,,,,,,,,,,,,,,,,,,,,,
"Gansbaai GW2",117494,0.500000,Argos,Mk10,12:00:00 11-May-2012,,,GPE,-36.00000000,20.22205925,0,4,,0.000000,15.60,16.80,8.000000,15.00,16.60,16.000000,14.60,16.60,24.000000,14.60,15.80,,,,,,,,,,,,,,,,,,,,,,,,,,,,,,,
"Gansbaai GW2",117494,0.500000,Argos,Mk10,18:00:00 11-May-2012,,,GPE,-36.50000000,20.24224091,0,4,,0.000000,16.00,16.60,8.000000,15.40,16.60,16.000000,14.80,16.60,24.000000,14.20,15.20,,,,,,,,,,,,,,,,,,,,,,,,,,,,,,,
"Gansbaai GW2",117494,0.500000,Argos,Mk10,00:00:00 12-May-2012,,,GPE,-36.50000000,20.24224091,0,4,,0.000000,15.80,16.60,8.000000,15.60,16.60,16.000000,15.00,16.60,24.000000,14.80,16.20,,,,,,,,,,,,,,,,,,,,,,,,,,,,,,,
"Gansbaai GW2",117494,0.500000,Argos,Mk10,06:00:00 12-May-2012,,,GPE,-38.00000000,20.03807068,0,5,,0.000000,16.00,16.60,8.000000,15.80,16.60,16.000000,15.20,16.40,24.000000,14.20,16.40,32.000000,14.20,14.80,,,,,,,,,,,,,,,,,,,,,,,,,,,,
"Gansbaai GW2",117494,0.500000,Argos,Mk10,12:00:00 12-May-2012,,,GPE,-38.00000000,20.03807068,0,4,,0.000000,16.20,16.80,8.000000,16.00,16.40,16.000000,15.80,16.20,24.000000,15.60,15.80,,,,,,,,,,,,,,,,,,,,,,,,,,,,,,,
"Gansbaai GW2",117494,0.500000,Argos,Mk10,18:00:00 12-May-2012,,,GPE,-37.50000000,19.73862076,0,4,,0.000000,16.00,16.40,8.000000,15.40,16.40,16.000000,15.40,16.20,24.000000,15.60,15.80,,,,,,,,,,,,,,,,,,,,,,,,,,,,,,,
"Gansbaai GW2",117494,0.500000,Argos,Mk10,00:00:00 13-May-2012,,,GPE,-37.50000000,19.73862076,0,7,,0.000000,16.20,16.40,8.000000,15.60,16.40,16.000000,15.20,16.20,24.000000,14.60,16.00,32.000000,14.20,15.40,40.000000,13.60,14.60,48.000000,13.60,13.80,,,,,,,,,,,,,,,,,,,,,,
"Gansbaai GW2",117494,0.500000,Argos,Mk10,06:00:00 13-May-2012,,,GPE,-36.00000000,20.10704994,0,4,,0.000000,16.00,16.40,8.000000,15.60,16.40,16.000000,15.20,16.20,24.000000,14.80,16.00,,,,,,,,,,,,,,,,,,,,,,,,,,,,,,,
"Gansbaai GW2",117494,0.500000,Argos,Mk10,12:00:00 13-May-2012,,,GPE,-36.00000000,20.10704994,0,5,,0.000000,16.00,16.60,8.000000,15.20,16.60,16.000000,15.00,16.40,24.000000,14.60,16.00,32.000000,14.60,14.60,,,,,,,,,,,,,,,,,,,,,,,,,,,,
"Gansbaai GW2",117494,0.500000,Argos,Mk10,18:00:00 13-May-2012,,,GPE,-35.50000000,19.68571091,0,3,,0.000000,16.20,16.60,8.000000,15.60,16.60,16.000000,15.40,16.40,,,,,,,,,,,,,,,,,,,,,,,,,,,,,,,,,,
"Gansbaai GW2",117494,0.500000,Argos,Mk10,00:00:00 14-May-2012,,,GPE,-35.50000000,19.68571091,0,3,,0.000000,15.20,16.40,8.000000,15.20,16.20,16.000000,15.20,16.00,,,,,,,,,,,,,,,,,,,,,,,,,,,,,,,,,,
"Gansbaai GW2",117494,0.500000,Argos,Mk10,06:00:00 14-May-2012,,,GPE,-35.50000000,19.68571091,0,2,,0.000000,16.00,16.40,8.000000,15.60,16.20,,,,,,,,,,,,,,,,,,,,,,,,,,,,,,,,,,,,,
"Gansbaai GW2",117494,0.500000,Argos,Mk10,12:00:00 14-May-2012,,,GPE,-35.50000000,19.68571091,0,2,,0.000000,15.80,16.60,8.000000,15.80,16.20,,,,,,,,,,,,,,,,,,,,,,,,,,,,,,,,,,,,,
"Gansbaai GW2",117494,0.500000,Argos,Mk10,18:00:00 14-May-2012,,,GPE,-35.50000000,19.68571091,0,4,,0.000000,15.20,16.20,8.000000,15.20,16.00,16.000000,13.60,15.80,24.000000,13.20,15.00,,,,,,,,,,,,,,,,,,,,,,,,,,,,,,,
"Gansbaai GW2",117494,0.500000,Argos,Mk10,00:00:00 15-May-2012,,,GPE,-35.50000000,19.68571091,0,4,,0.000000,15.20,15.80,8.000000,14.40,15.80,16.000000,13.80,15.40,24.000000,13.80,15.00,,,,,,,,,,,,,,,,,,,,,,,,,,,,,,,
"Gansbaai GW2",117494,0.500000,Argos,Mk10,06:00:00 15-May-2012,,,GPE,-38.50000000,18.36222076,0,3,,0.000000,15.20,16.00,8.000000,14.80,16.00,16.000000,14.60,15.80,,,,,,,,,,,,,,,,,,,,,,,,,,,,,,,,,,
"Gansbaai GW2",117494,0.500000,Argos,Mk10,12:00:00 15-May-2012,,,GPE,-38.50000000,18.36222076,0,3,,0.000000,15.00,16.00,8.000000,14.80,15.80,16.000000,14.80,15.40,,,,,,,,,,,,,,,,,,,,,,,,,,,,,,,,,,
"Gansbaai GW2",117494,0.500000,Argos,Mk10,18:00:00 15-May-2012,,,GPE,-38.00000000,18.25587082,0,2,,0.000000,15.20,15.80,8.000000,15.00,15.40,,,,,,,,,,,,,,,,,,,,,,,,,,,,,,,,,,,,,
"Gansbaai GW2",117494,0.500000,Argos,Mk10,00:00:00 16-May-2012,,,GPE,-38.00000000,18.25587082,0,2,,0.000000,15.00,15.40,8.000000,15.00,15.40,,,,,,,,,,,,,,,,,,,,,,,,,,,,,,,,,,,,,
"Gansbaai GW2",117494,0.500000,Argos,Mk10,06:00:00 16-May-2012,,,GPE,-36.00000000,18.64096069,0,2,,0.000000,15.20,15.80,8.000000,15.20,15.40,,,,,,,,,,,,,,,,,,,,,,,,,,,,,,,,,,,,,
"Gansbaai GW2",117494,0.500000,Argos,Mk10,12:00:00 16-May-2012,,,GPE,-36.00000000,18.64096069,0,1,,0.000000,15.40,16.20,,,,,,,,,,,,,,,,,,,,,,,,,,,,,,,,,,,,,,,,
"Gansbaai GW2",117494,0.500000,Argos,Mk10,18:00:00 16-May-2012,,,GPE,-37.00000000,19.24430084,0,2,,0.000000,15.20,16.00,8.000000,15.40,15.80,,,,,,,,,,,,,,,,,,,,,,,,,,,,,,,,,,,,,
"Gansbaai GW2",117494,0.500000,Argos,Mk10,00:00:00 17-May-2012,,,GPE,-37.00000000,19.24430084,0,3,,0.000000,15.00,15.80,8.000000,14.20,15.60,16.000000,13.60,15.40,,,,,,,,,,,,,,,,,,,,,,,,,,,,,,,,,,
"Gansbaai GW2",117494,0.500000,Argos,Mk10,06:00:00 17-May-2012,,,GPE,-36.50000000,19.34720993,0,4,,0.000000,15.40,16.00,8.000000,14.60,16.20,16.000000,14.40,16.20,24.000000,15.40,16.00,,,,,,,,,,,,,,,,,,,,,,,,,,,,,,,
"Gansbaai GW2",117494,0.500000,Argos,Mk10,12:00:00 17-May-2012,,,GPE,-36.50000000,19.34720993,0,4,,0.000000,15.60,15.80,8.000000,15.40,16.00,16.000000,15.40,16.00,24.000000,15.40,16.00,,,,,,,,,,,,,,,,,,,,,,,,,,,,,,,
"Gansbaai GW2",117494,0.500000,Argos,Mk10,18:00:00 17-May-2012,,,GPE,-37.00000000,19.73269081,0,4,,0.000000,15.60,15.80,8.000000,15.40,16.20,16.000000,15.40,16.20,24.000000,15.40,16.00,,,,,,,,,,,,,,,,,,,,,,,,,,,,,,,
"Gansbaai GW2",117494,0.500000,Argos,Mk10,00:00:00 18-May-2012,,,GPE,-37.00000000,19.73269081,0,4,,0.000000,16.20,16.20,8.000000,15.60,16.20,16.000000,15.60,16.20,24.000000,15.40,16.20,,,,,,,,,,,,,,,,,,,,,,,,,,,,,,,
"Gansbaai GW2",117494,0.500000,Argos,Mk10,06:00:00 18-May-2012,,,GPE,-36.50000000,19.82300949,0,3,,8.000000,15.60,16.20,16.000000,15.60,16.20,24.000000,15.60,16.20,,,,,,,,,,,,,,,,,,,,,,,,,,,,,,,,,,
"Gansbaai GW2",117494,0.500000,Argos,Mk10,12:00:00 18-May-2012,,,GPE,-36.50000000,19.82300949,0,3,,8.000000,15.60,16.00,16.000000,15.60,16.00,24.000000,15.80,16.00,,,,,,,,,,,,,,,,,,,,,,,,,,,,,,,,,,
"Gansbaai GW2",117494,0.500000,Argos,Mk10,18:00:00 18-May-2012,,,GPE,-35.00000000,19.20181084,0,4,,0.000000,15.60,15.60,8.000000,15.40,16.00,16.000000,15.40,16.00,24.000000,15.40,16.00,,,,,,,,,,,,,,,,,,,,,,,,,,,,,,,
"Gansbaai GW2",117494,0.500000,Argos,Mk10,00:00:00 19-May-2012,,,GPE,-35.00000000,19.20181084,0,5,,0.000000,15.60,15.60,8.000000,15.40,15.80,16.000000,15.20,16.00,24.000000,15.20,15.80,32.000000,15.40,15.80,,,,,,,,,,,,,,,,,,,,,,,,,,,,
"Gansbaai GW2",117494,0.500000,Argos,Mk10,06:00:00 19-May-2012,,,GPE,-36.50000000,17.69219017,0,4,,8.000000,15.80,16.00,16.000000,15.60,16.00,24.000000,15.60,16.00,32.000000,15.80,15.80,,,,,,,,,,,,,,,,,,,,,,,,,,,,,,,
"Gansbaai GW2",117494,0.500000,Argos,Mk10,12:00:00 19-May-2012,,,GPE,-36.50000000,17.69219017,0,4,,8.000000,15.60,15.80,16.000000,15.60,15.80,24.000000,15.60,15.80,32.000000,15.80,15.80,,,,,,,,,,,,,,,,,,,,,,,,,,,,,,,
"Gansbaai GW2",117494,0.500000,Argos,Mk10,18:00:00 19-May-2012,,,GPE,-36.50000000,17.69219017,0,6,,-8.000000,15.80,15.80,0.000000,15.80,15.80,8.000000,15.80,15.80,16.000000,15.60,15.80,24.000000,15.60,15.80,32.000000,15.60,15.80,,,,,,,,,,,,,,,,,,,,,,,,,
"Gansbaai GW2",117494,0.500000,Argos,Mk10,00:00:00 20-May-2012,,,GPE,-36.50000000,17.69219017,0,4,,8.000000,16.00,16.40,16.000000,15.40,16.40,24.000000,14.80,16.20,32.000000,14.40,16.20,,,,,,,,,,,,,,,,,,,,,,,,,,,,,,,
"Gansbaai GW2",117494,0.500000,Argos,Mk10,06:00:00 20-May-2012,,,GPE,-36.50000000,17.69219017,0,4,,8.000000,15.20,15.80,16.000000,15.20,16.00,24.000000,15.40,16.00,32.000000,15.60,15.80,,,,,,,,,,,,,,,,,,,,,,,,,,,,,,,
"Gansbaai GW2",117494,0.500000,Argos,Mk10,12:00:00 20-May-2012,,,GPE,-36.50000000,17.69219017,0,5,,0.000000,16.60,16.60,8.000000,16.60,16.60,16.000000,15.80,16.80,24.000000,15.60,16.80,32.000000,16.40,16.60,,,,,,,,,,,,,,,,,,,,,,,,,,,,
"Gansbaai GW2",117494,0.500000,Argos,Mk10,18:00:00 20-May-2012,,,GPE,-33.00000000,21.30227089,0,6,,0.000000,16.60,16.60,8.000000,16.60,16.60,16.000000,16.40,16.60,24.000000,16.20,16.60,32.000000,16.40,16.60,40.000000,16.40,16.60,,,,,,,,,,,,,,,,,,,,,,,,,
"Gansbaai GW2",117494,0.500000,Argos,Mk10,00:00:00 21-May-2012,,,GPE,-33.00000000,21.30227089,0,5,,0.000000,16.20,16.20,8.000000,16.00,16.20,16.000000,16.00,16.80,24.000000,16.00,16.60,32.000000,16.00,16.60,,,,,,,,,,,,,,,,,,,,,,,,,,,,
"Gansbaai GW2",117494,0.500000,Argos,Mk10,06:00:00 21-May-2012,,,GPE,-33.00000000,21.30227089,0,4,,8.000000,16.80,16.80,16.000000,16.60,17.40,24.000000,16.60,17.40,32.000000,16.60,17.40,,,,,,,,,,,,,,,,,,,,,,,,,,,,,,,
"Gansbaai GW2",117494,0.500000,Argos,Mk10,12:00:00 21-May-2012,,,GPE,-33.00000000,21.30227089,0,7,,-8.000000,17.40,17.40,0.000000,17.20,17.40,8.000000,16.80,17.20,16.000000,16.40,17.40,24.000000,16.40,17.40,32.000000,16.40,17.20,40.000000,17.20,17.20,,,,,,,,,,,,,,,,,,,,,,
"Gansbaai GW2",117494,0.500000,Argos,Mk10,18:00:00 21-May-2012,,,GPE,-33.00000000,21.30227089,0,5,,0.000000,17.20,17.20,8.000000,17.00,17.20,16.000000,16.80,17.20,24.000000,16.60,17.20,32.000000,17.00,17.20,,,,,,,,,,,,,,,,,,,,,,,,,,,,
"Gansbaai GW2",117494,0.500000,Argos,Mk10,00:00:00 22-May-2012,,,GPE,-33.00000000,21.30227089,0,4,,8.000000,17.20,17.20,16.000000,17.20,17.20,24.000000,17.20,17.20,32.000000,17.20,17.20,,,,,,,,,,,,,,,,,,,,,,,,,,,,,,,
"Gansbaai GW2",117494,0.500000,Argos,Mk10,06:00:00 22-May-2012,,,GPE,-33.50000000,20.83762932,0,5,,-8.000000,17.00,17.00,0.000000,17.00,17.00,8.000000,17.00,17.00,16.000000,17.00,17.20,24.000000,17.00,17.20,,,,,,,,,,,,,,,,,,,,,,,,,,,,
"Gansbaai GW2",117494,0.500000,Argos,Mk10,12:00:00 22-May-2012,,,GPE,-33.50000000,20.83762932,0,2,,16.000000,17.00,17.00,24.000000,17.00,17.00,,,,,,,,,,,,,,,,,,,,,,,,,,,,,,,,,,,,,
"Gansbaai GW2",117494,0.500000,Argos,Mk10,18:00:00 22-May-2012,,,GPE,-34.00000000,21.22929955,0,2,,16.000000,17.00,17.00,24.000000,17.00,17.00,,,,,,,,,,,,,,,,,,,,,,,,,,,,,,,,,,,,,
"Gansbaai GW2",117494,0.500000,Argos,Mk10,00:00:00 23-May-2012,,,GPE,-34.00000000,21.22929955,0,2,,16.000000,17.00,17.00,24.000000,17.00,17.00,,,,,,,,,,,,,,,,,,,,,,,,,,,,,,,,,,,,,
"Gansbaai GW2",117494,0.500000,Argos,Mk10,06:00:00 23-May-2012,,,GPE,-35.00000000,20.59263039,0,2,,8.000000,17.00,17.00,16.000000,16.80,17.00,,,,,,,,,,,,,,,,,,,,,,,,,,,,,,,,,,,,,
"Gansbaai GW2",117494,0.500000,Argos,Mk10,12:00:00 23-May-2012,,,GPE,-35.00000000,20.59263039,0,2,,16.000000,17.00,17.00,24.000000,17.00,17.00,,,,,,,,,,,,,,,,,,,,,,,,,,,,,,,,,,,,,
"Gansbaai GW2",117494,0.500000,Argos,Mk10,18:00:00 23-May-2012,,,GPE,-34.50000000,20.44938087,0,3,,0.000000,17.00,17.00,8.000000,17.00,17.00,16.000000,17.00,17.00,,,,,,,,,,,,,,,,,,,,,,,,,,,,,,,,,,
"Gansbaai GW2",117494,0.500000,Argos,Mk10,00:00:00 24-May-2012,,,GPE,-34.50000000,20.44938087,0,2,,16.000000,16.80,17.00,24.000000,16.80,17.00,,,,,,,,,,,,,,,,,,,,,,,,,,,,,,,,,,,,,
"Gansbaai GW2",117494,0.500000,Argos,Mk10,06:00:00 24-May-2012,,,GPE,-34.00000000,20.59202957,0,2,,16.000000,16.80,17.00,24.000000,16.80,16.80,,,,,,,,,,,,,,,,,,,,,,,,,,,,,,,,,,,,,
"Gansbaai GW2",117494,0.500000,Argos,Mk10,12:00:00 24-May-2012,,,GPE,-34.00000000,20.59202957,0,2,,8.000000,16.80,16.80,16.000000,16.80,16.80,,,,,,,,,,,,,,,,,,,,,,,,,,,,,,,,,,,,,
"Gansbaai GW2",117494,0.500000,Argos,Mk10,18:00:00 24-May-2012,,,GPE,-34.50000000,20.66157913,0,2,,8.000000,17.00,17.00,16.000000,16.80,17.00,,,,,,,,,,,,,,,,,,,,,,,,,,,,,,,,,,,,,
"Gansbaai GW2",117494,0.500000,Argos,Mk10,00:00:00 25-May-2012,,,GPE,-34.50000000,20.66157913,0,3,,8.000000,17.00,17.00,16.000000,16.80,17.00,24.000000,17.00,17.00,,,,,,,,,,,,,,,,,,,,,,,,,,,,,,,,,,
"Gansbaai GW2",117494,0.500000,Argos,Mk10,06:00:00 25-May-2012,,,GPE,-34.00000000,20.79289055,0,1,,16.000000,16.80,17.00,,,,,,,,,,,,,,,,,,,,,,,,,,,,,,,,,,,,,,,,
"Gansbaai GW2",117494,0.500000,Argos,Mk10,12:00:00 25-May-2012,,,GPE,-34.00000000,20.79289055,0,2,,16.000000,16.60,16.80,24.000000,16.80,16.80,,,,,,,,,,,,,,,,,,,,,,,,,,,,,,,,,,,,,
"Gansbaai GW2",117494,0.500000,Argos,Mk10,18:00:00 25-May-2012,,,GPE,-34.50000000,20.77124977,0,2,,8.000000,16.60,16.80,16.000000,16.60,16.80,,,,,,,,,,,,,,,,,,,,,,,,,,,,,,,,,,,,,
"Gansbaai GW2",117494,0.500000,Argos,Mk10,00:00:00 26-May-2012,,,GPE,-34.50000000,20.77124977,0,1,,16.000000,16.60,16.80,,,,,,,,,,,,,,,,,,,,,,,,,,,,,,,,,,,,,,,,
"Gansbaai GW2",117494,0.500000,Argos,Mk10,06:00:00 26-May-2012,,,GPE,-34.00000000,20.81517982,0,4,,-8.000000,16.80,16.80,0.000000,16.80,16.80,8.000000,16.60,16.80,16.000000,16.60,16.80,,,,,,,,,,,,,,,,,,,,,,,,,,,,,,,
"Gansbaai GW2",117494,0.500000,Argos,Mk10,12:00:00 26-May-2012,,,GPE,-34.00000000,20.81517982,0,2,,8.000000,16.60,17.00,16.000000,16.60,17.00,,,,,,,,,,,,,,,,,,,,,,,,,,,,,,,,,,,,,
"Gansbaai GW2",117494,0.500000,Argos,Mk10,18:00:00 26-May-2012,,,GPE,-34.00000000,21.01493073,0,4,,-8.000000,16.80,16.80,0.000000,16.80,16.80,8.000000,16.60,16.80,16.000000,16.60,16.60,,,,,,,,,,,,,,,,,,,,,,,,,,,,,,,
"Gansbaai GW2",117494,0.500000,Argos,Mk10,00:00:00 27-May-2012,,,GPE,-34.00000000,21.01493073,0,2,,8.000000,16.60,16.80,16.000000,16.60,16.60,,,,,,,,,,,,,,,,,,,,,,,,,,,,,,,,,,,,,
"Gansbaai GW2",117494,0.500000,Argos,Mk10,06:00:00 27-May-2012,,,GPE,-34.00000000,20.94961929,0,4,,-8.000000,16.80,17.00,0.000000,16.60,17.00,8.000000,16.40,17.00,16.000000,16.60,16.60,,,,,,,,,,,,,,,,,,,,,,,,,,,,,,,
"Gansbaai GW2",117494,0.500000,Argos,Mk10,12:00:00 27-May-2012,,,GPE,-34.00000000,20.94961929,0,2,,0.000000,16.60,16.80,8.000000,16.40,16.80,,,,,,,,,,,,,,,,,,,,,,,,,,,,,,,,,,,,,
"Gansbaai GW2",117494,0.500000,Argos,Mk10,18:00:00 27-May-2012,,,GPE,-34.00000000,21.10844994,0,2,,0.000000,16.60,17.00,8.000000,16.40,17.00,,,,,,,,,,,,,,,,,,,,,,,,,,,,,,,,,,,,,
"Gansbaai GW2",117494,0.500000,Argos,Mk10,00:00:00 28-May-2012,,,GPE,-34.00000000,21.10844994,0,2,,0.000000,16.80,17.00,8.000000,16.80,17.00,,,,,,,,,,,,,,,,,,,,,,,,,,,,,,,,,,,,,
"Gansbaai GW2",117494,0.500000,Argos,Mk10,06:00:00 28-May-2012,,,GPE,-34.00000000,20.79643059,0,3,,-8.000000,16.80,16.80,0.000000,16.80,16.80,8.000000,16.80,16.80,,,,,,,,,,,,,,,,,,,,,,,,,,,,,,,,,,
"Gansbaai GW2",117494,0.500000,Argos,Mk10,12:00:00 28-May-2012,,,GPE,-34.00000000,20.79643059,0,3,,-8.000000,16.80,17.00,0.000000,16.60,16.80,8.000000,16.60,16.80,,,,,,,,,,,,,,,,,,,,,,,,,,,,,,,,,,
"Gansbaai GW2",117494,0.500000,Argos,Mk10,18:00:00 28-May-2012,,,GPE,-34.50000000,20.80837059,0,2,,0.000000,16.80,16.80,8.000000,16.80,16.80,,,,,,,,,,,,,,,,,,,,,,,,,,,,,,,,,,,,,
"Gansbaai GW2",117494,0.500000,Argos,Mk10,00:00:00 29-May-2012,,,GPE,-34.50000000,20.80837059,0,3,,-8.000000,16.80,16.80,0.000000,16.80,16.80,8.000000,16.80,16.80,,,,,,,,,,,,,,,,,,,,,,,,,,,,,,,,,,
"Gansbaai GW2",117494,0.500000,Argos,Mk10,06:00:00 29-May-2012,,,GPE,-34.50000000,20.66163063,0,4,,-8.000000,16.60,16.80,0.000000,16.60,16.80,8.000000,16.60,16.80,16.000000,16.60,16.80,,,,,,,,,,,,,,,,,,,,,,,,,,,,,,,
"Gansbaai GW2",117494,0.500000,Argos,Mk10,12:00:00 29-May-2012,,,GPE,-34.50000000,20.66163063,0,3,,-8.000000,16.60,16.80,0.000000,16.60,16.80,8.000000,16.60,16.80,,,,,,,,,,,,,,,,,,,,,,,,,,,,,,,,,,
"Gansbaai GW2",117494,0.500000,Argos,Mk10,18:00:00 29-May-2012,,,GPE,-35.00000000,20.51926994,0,4,,-8.000000,16.60,16.80,0.000000,16.60,16.80,8.000000,16.60,16.80,16.000000,16.60,16.80,,,,,,,,,,,,,,,,,,,,,,,,,,,,,,,
"Gansbaai GW2",117494,0.500000,Argos,Mk10,00:00:00 30-May-2012,,,GPE,-35.00000000,20.51926994,0,4,,-8.000000,16.40,16.80,0.000000,16.40,16.80,8.000000,16.60,16.60,16.000000,16.60,16.60,,,,,,,,,,,,,,,,,,,,,,,,,,,,,,,
"Gansbaai GW2",117494,0.500000,Argos,Mk10,06:00:00 30-May-2012,,,GPE,-34.00000000,22.00054932,0,4,,-8.000000,16.40,16.80,0.000000,16.40,16.80,8.000000,16.40,16.80,16.000000,16.60,16.80,,,,,,,,,,,,,,,,,,,,,,,,,,,,,,,
"Gansbaai GW2",117494,0.500000,Argos,Mk10,12:00:00 30-May-2012,,,GPE,-34.00000000,22.00054932,0,4,,-8.000000,16.40,17.00,0.000000,16.40,17.00,8.000000,16.40,16.80,16.000000,16.40,16.80,,,,,,,,,,,,,,,,,,,,,,,,,,,,,,,
"Gansbaai GW2",117494,0.500000,Argos,Mk10,18:00:00 30-May-2012,,,GPE,-34.00000000,22.00054932,0,4,,-8.000000,16.20,16.80,0.000000,16.20,16.80,8.000000,16.00,16.80,16.000000,16.40,16.60,,,,,,,,,,,,,,,,,,,,,,,,,,,,,,,
"Gansbaai GW2",117494,0.500000,Argos,Mk10,00:00:00 31-May-2012,,,GPE,-34.00000000,22.00054932,0,5,,-8.000000,16.20,16.60,0.000000,16.20,16.80,8.000000,16.20,16.60,16.000000,16.20,16.60,24.000000,16.60,16.60,,,,,,,,,,,,,,,,,,,,,,,,,,,,
"Gansbaai GW2",117494,0.500000,Argos,Mk10,06:00:00 31-May-2012,,,GPE,-34.00000000,22.00054932,0,4,,-8.000000,16.00,16.80,0.000000,15.80,16.80,8.000000,15.80,16.60,16.000000,16.40,16.60,,,,,,,,,,,,,,,,,,,,,,,,,,,,,,,
"Gansbaai GW2",117494,0.500000,Argos,Mk10,12:00:00 31-May-2012,,,GPE,-34.00000000,22.00054932,0,5,,-8.000000,16.80,17.00,0.000000,16.60,17.00,8.000000,16.40,17.00,16.000000,16.40,16.80,24.000000,16.40,16.80,,,,,,,,,,,,,,,,,,,,,,,,,,,,
"Gansbaai GW2",117494,0.500000,Argos,Mk10,18:00:00 31-May-2012,,,GPE,-34.00000000,22.00054932,0,4,,0.000000,16.80,16.80,8.000000,16.40,16.80,16.000000,16.40,16.80,24.000000,16.40,16.60,,,,,,,,,,,,,,,,,,,,,,,,,,,,,,,
"Gansbaai GW2",117494,0.500000,Argos,Mk10,00:00:00 01-Jun-2012,,,GPE,-34.00000000,22.00054932,0,5,,-8.000000,16.40,16.80,0.000000,16.40,16.80,8.000000,16.20,16.60,16.000000,16.20,16.60,24.000000,16.40,16.40,,,,,,,,,,,,,,,,,,,,,,,,,,,,
"Gansbaai GW2",117494,0.500000,Argos,Mk10,06:00:00 01-Jun-2012,,,GPE,-36.00000000,20.19957924,0,4,,-8.000000,16.40,16.60,0.000000,16.20,16.60,8.000000,16.20,16.60,16.000000,16.40,16.40,,,,,,,,,,,,,,,,,,,,,,,,,,,,,,,
"Gansbaai GW2",117494,0.500000,Argos,Mk10,12:00:00 01-Jun-2012,,,GPE,-36.00000000,20.19957924,0,5,,0.000000,16.20,17.00,8.000000,16.20,17.00,16.000000,16.20,17.00,24.000000,16.40,16.80,32.000000,16.80,16.80,,,,,,,,,,,,,,,,,,,,,,,,,,,,
"Gansbaai GW2",117494,0.500000,Argos,Mk10,18:00:00 01-Jun-2012,,,GPE,-39.50000000,21.95758057,0,5,,0.000000,16.40,16.80,8.000000,16.20,16.80,16.000000,16.20,16.80,24.000000,16.20,16.80,32.000000,16.60,16.80,,,,,,,,,,,,,,,,,,,,,,,,,,,,
"Gansbaai GW2",117494,0.500000,Argos,Mk10,00:00:00 02-Jun-2012,,,GPE,-39.50000000,21.95758057,0,4,,0.000000,16.40,16.80,8.000000,16.40,16.80,16.000000,16.40,16.80,24.000000,16.60,16.60,,,,,,,,,,,,,,,,,,,,,,,,,,,,,,,
"Gansbaai GW2",117494,0.500000,Argos,Mk10,06:00:00 02-Jun-2012,,,GPE,-37.50000000,22.71412086,0,4,,0.000000,16.20,16.80,8.000000,16.20,16.80,16.000000,16.20,16.80,24.000000,16.60,16.80,,,,,,,,,,,,,,,,,,,,,,,,,,,,,,,
"Gansbaai GW2",117494,0.500000,Argos,Mk10,12:00:00 02-Jun-2012,,,GPE,-37.50000000,22.71412086,0,3,,0.000000,16.20,16.80,8.000000,16.20,16.80,16.000000,16.60,16.80,,,,,,,,,,,,,,,,,,,,,,,,,,,,,,,,,,
"Gansbaai GW2",117494,0.500000,Argos,Mk10,18:00:00 02-Jun-2012,,,GPE,-35.50000000,21.33074951,0,4,,0.000000,16.40,16.40,8.000000,16.40,16.60,16.000000,16.20,16.60,24.000000,16.20,16.40,,,,,,,,,,,,,,,,,,,,,,,,,,,,,,,
"Gansbaai GW2",117494,0.500000,Argos,Mk10,00:00:00 03-Jun-2012,,,GPE,-35.50000000,21.33074951,0,5,,0.000000,16.40,16.40,8.000000,16.20,16.40,16.000000,16.20,16.40,24.000000,16.20,16.40,32.000000,16.20,16.40,,,,,,,,,,,,,,,,,,,,,,,,,,,,
"Gansbaai GW2",117494,0.500000,Argos,Mk10,06:00:00 03-Jun-2012,,,GPE,-37.00000000,20.50926971,0,3,,0.000000,16.20,16.60,8.000000,15.80,16.60,16.000000,15.60,16.60,,,,,,,,,,,,,,,,,,,,,,,,,,,,,,,,,,
"Gansbaai GW2",117494,0.500000,Argos,Mk10,12:00:00 03-Jun-2012,,,GPE,-37.00000000,20.50926971,0,5,,0.000000,15.80,16.80,8.000000,14.40,16.40,16.000000,14.40,16.40,24.000000,14.40,16.00,32.000000,15.80,15.80,,,,,,,,,,,,,,,,,,,,,,,,,,,,
"Gansbaai GW2",117494,0.500000,Argos,Mk10,18:00:00 03-Jun-2012,,,GPE,-36.50000000,20.63162041,0,6,,0.000000,16.00,16.40,8.000000,15.80,16.40,16.000000,15.20,16.40,24.000000,14.40,16.40,32.000000,14.20,15.80,40.000000,13.40,14.80,,,,,,,,,,,,,,,,,,,,,,,,,
"Gansbaai GW2",117494,0.500000,Argos,Mk10,00:00:00 04-Jun-2012,,,GPE,-36.50000000,20.63162041,0,5,,0.000000,16.20,16.60,8.000000,16.00,16.60,16.000000,15.80,16.60,24.000000,15.40,16.40,32.000000,15.40,15.60,,,,,,,,,,,,,,,,,,,,,,,,,,,,
"Gansbaai GW2",117494,0.500000,Argos,Mk10,06:00:00 04-Jun-2012,,,GPE,-37.50000000,20.09795952,0,5,,0.000000,16.20,16.80,8.000000,16.00,16.60,16.000000,16.00,16.60,24.000000,16.00,16.40,32.000000,16.20,16.20,,,,,,,,,,,,,,,,,,,,,,,,,,,,
"Gansbaai GW2",117494,0.500000,Argos,Mk10,12:00:00 04-Jun-2012,,,GPE,-37.50000000,20.09795952,0,4,,0.000000,16.40,17.20,8.000000,16.40,16.80,16.000000,16.20,16.60,24.000000,16.20,16.40,,,,,,,,,,,,,,,,,,,,,,,,,,,,,,,
"Gansbaai GW2",117494,0.500000,Argos,Mk10,18:00:00 04-Jun-2012,,,GPE,-36.50000000,20.05110931,0,3,,0.000000,16.40,16.80,8.000000,16.40,16.60,16.000000,16.20,16.60,,,,,,,,,,,,,,,,,,,,,,,,,,,,,,,,,,
"Gansbaai GW2",117494,0.500000,Argos,Mk10,00:00:00 05-Jun-2012,,,GPE,-36.50000000,20.05110931,0,2,,0.000000,16.20,16.60,8.000000,16.40,16.40,,,,,,,,,,,,,,,,,,,,,,,,,,,,,,,,,,,,,
"Gansbaai GW2",117494,0.500000,Argos,Mk10,06:00:00 05-Jun-2012,,,GPE,-35.00000000,20.62157059,0,2,,0.000000,16.20,16.40,8.000000,16.40,16.40,,,,,,,,,,,,,,,,,,,,,,,,,,,,,,,,,,,,,
"Gansbaai GW2",117494,0.500000,Argos,Mk10,12:00:00 05-Jun-2012,,,GPE,-35.00000000,20.62157059,0,2,,0.000000,16.20,16.60,8.000000,16.20,16.40,,,,,,,,,,,,,,,,,,,,,,,,,,,,,,,,,,,,,
"Gansbaai GW2",117494,0.500000,Argos,Mk10,18:00:00 05-Jun-2012,,,GPE,-33.50000000,19.69655037,0,3,,0.000000,16.00,16.40,8.000000,16.20,16.40,16.000000,16.40,16.40,,,,,,,,,,,,,,,,,,,,,,,,,,,,,,,,,,
"Gansbaai GW2",117494,0.500000,Argos,Mk10,00:00:00 06-Jun-2012,,,GPE,-33.50000000,19.69655037,0,2,,0.000000,15.80,16.20,8.000000,16.00,16.00,,,,,,,,,,,,,,,,,,,,,,,,,,,,,,,,,,,,,
"Gansbaai GW2",117494,0.500000,Argos,Mk10,06:00:00 06-Jun-2012,,,GPE,-34.50000000,19.04742050,0,2,,0.000000,15.80,16.40,8.000000,16.00,16.40,,,,,,,,,,,,,,,,,,,,,,,,,,,,,,,,,,,,,
"Gansbaai GW2",117494,0.500000,Argos,Mk10,12:00:00 06-Jun-2012,,,GPE,-34.50000000,19.04742050,0,4,,0.000000,16.20,16.40,8.000000,16.20,16.40,16.000000,16.20,16.40,24.000000,16.00,16.40,,,,,,,,,,,,,,,,,,,,,,,,,,,,,,,
"Gansbaai GW2",117494,0.500000,Argos,Mk10,18:00:00 06-Jun-2012,,,GPE,-34.50000000,19.41966057,0,5,,0.000000,16.20,16.40,8.000000,16.20,16.40,16.000000,16.20,16.40,24.000000,15.80,16.40,32.000000,15.60,16.20,,,,,,,,,,,,,,,,,,,,,,,,,,,,
"Gansbaai GW2",117494,0.500000,Argos,Mk10,00:00:00 07-Jun-2012,,,GPE,-34.50000000,19.41966057,0,4,,0.000000,16.00,16.20,8.000000,16.00,16.20,16.000000,16.00,16.20,24.000000,16.00,16.20,,,,,,,,,,,,,,,,,,,,,,,,,,,,,,,
"Gansbaai GW2",117494,0.500000,Argos,Mk10,06:00:00 07-Jun-2012,,,GPE,-36.50000000,18.73222923,0,4,,0.000000,15.80,16.20,8.000000,15.60,16.20,16.000000,15.60,16.20,24.000000,15.80,15.80,,,,,,,,,,,,,,,,,,,,,,,,,,,,,,,
"Gansbaai GW2",117494,0.500000,Argos,Mk10,12:00:00 07-Jun-2012,,,GPE,-36.50000000,18.73222923,0,3,,8.000000,15.60,15.80,16.000000,15.60,16.00,24.000000,15.60,16.00,,,,,,,,,,,,,,,,,,,,,,,,,,,,,,,,,,
"Gansbaai GW2",117494,0.500000,Argos,Mk10,18:00:00 07-Jun-2012,,,GPE,-39.50000000,20.60032082,0,4,,0.000000,15.80,15.80,8.000000,15.60,16.00,16.000000,15.60,16.00,24.000000,15.80,16.00,,,,,,,,,,,,,,,,,,,,,,,,,,,,,,,
"Gansbaai GW2",117494,0.500000,Argos,Mk10,00:00:00 08-Jun-2012,,,GPE,-39.50000000,20.60032082,0,6,,-8.000000,15.80,16.00,0.000000,15.60,16.00,8.000000,15.60,16.00,16.000000,15.60,16.00,24.000000,15.80,16.00,32.000000,15.80,16.00,,,,,,,,,,,,,,,,,,,,,,,,,
"Gansbaai GW2",117494,0.500000,Argos,Mk10,06:00:00 08-Jun-2012,,,GPE,-39.50000000,20.60032082,0,3,,0.000000,15.60,15.60,8.000000,15.60,15.80,16.000000,15.60,15.80,,,,,,,,,,,,,,,,,,,,,,,,,,,,,,,,,,
"Gansbaai GW2",117494,0.500000,Argos,Mk10,12:00:00 08-Jun-2012,,,GPE,-39.50000000,20.60032082,0,4,,0.000000,15.80,15.80,8.000000,15.60,15.80,16.000000,15.60,15.80,24.000000,15.60,15.80,,,,,,,,,,,,,,,,,,,,,,,,,,,,,,,
"Gansbaai GW2",117494,0.500000,Argos,Mk10,18:00:00 08-Jun-2012,,,GPE,-39.50000000,20.60032082,0,3,,0.000000,15.60,15.80,8.000000,15.60,15.80,16.000000,15.60,15.80,,,,,,,,,,,,,,,,,,,,,,,,,,,,,,,,,,
"Gansbaai GW2",117494,0.500000,Argos,Mk10,00:00:00 09-Jun-2012,,,GPE,-39.50000000,20.60032082,0,3,,0.000000,15.60,15.80,8.000000,15.60,15.80,16.000000,15.60,15.80,,,,,,,,,,,,,,,,,,,,,,,,,,,,,,,,,,
"Gansbaai GW2",117494,0.500000,Argos,Mk10,06:00:00 09-Jun-2012,,,GPE,-39.50000000,20.60032082,0,3,,0.000000,15.40,15.60,8.000000,15.40,15.60,16.000000,15.40,15.60,,,,,,,,,,,,,,,,,,,,,,,,,,,,,,,,,,
"Gansbaai GW2",117494,0.500000,Argos,Mk10,12:00:00 09-Jun-2012,,,GPE,-37.50000000,21.39053917,0,3,,0.000000,15.40,15.60,8.000000,15.40,15.60,16.000000,15.40,15.60,,,,,,,,,,,,,,,,,,,,,,,,,,,,,,,,,,
"Gansbaai GW2",117494,0.500000,Argos,Mk10,18:00:00 09-Jun-2012,,,GPE,-34.50000000,20.21449089,0,3,,0.000000,15.40,15.80,8.000000,15.40,15.80,16.000000,15.40,15.80,,,,,,,,,,,,,,,,,,,,,,,,,,,,,,,,,,
"Gansbaai GW2",117494,0.500000,Argos,Mk10,00:00:00 10-Jun-2012,,,GPE,-34.50000000,20.21449089,0,2,,0.000000,15.40,15.60,8.000000,15.40,15.60,,,,,,,,,,,,,,,,,,,,,,,,,,,,,,,,,,,,,
"Gansbaai GW2",117494,0.500000,Argos,Mk10,06:00:00 10-Jun-2012,,,GPE,-34.50000000,20.00842094,0,3,,-8.000000,15.60,15.80,0.000000,15.40,15.80,8.000000,15.40,15.80,,,,,,,,,,,,,,,,,,,,,,,,,,,,,,,,,,
"Gansbaai GW2",117494,0.500000,Argos,Mk10,12:00:00 10-Jun-2012,,,GPE,-34.50000000,20.00842094,0,3,,-8.000000,15.80,15.80,0.000000,15.60,15.80,8.000000,15.40,15.80,,,,,,,,,,,,,,,,,,,,,,,,,,,,,,,,,,
"Gansbaai GW2",117494,0.500000,Argos,Mk10,18:00:00 10-Jun-2012,,,GPE,-33.50000000,19.41654968,0,3,,-8.000000,15.60,15.60,0.000000,15.40,15.80,8.000000,15.40,15.60,,,,,,,,,,,,,,,,,,,,,,,,,,,,,,,,,,
"Gansbaai GW2",117494,0.500000,Argos,Mk10,00:00:00 11-Jun-2012,,,GPE,-33.50000000,19.41654968,0,3,,0.000000,15.40,15.60,8.000000,15.40,15.60,16.000000,15.60,15.60,,,,,,,,,,,,,,,,,,,,,,,,,,,,,,,,,,
"Gansbaai GW2",117494,0.500000,Argos,Mk10,06:00:00 11-Jun-2012,,,GPE,-33.50000000,19.52837944,0,2,,0.000000,15.40,15.60,8.000000,15.40,15.60,,,,,,,,,,,,,,,,,,,,,,,,,,,,,,,,,,,,,
"Gansbaai GW2",117494,0.500000,Argos,Mk10,12:00:00 11-Jun-2012,,,GPE,-33.50000000,19.52837944,0,3,,-8.000000,15.60,15.80,0.000000,15.60,15.80,8.000000,15.60,15.80,,,,,,,,,,,,,,,,,,,,,,,,,,,,,,,,,,
"Gansbaai GW2",117494,0.500000,Argos,Mk10,18:00:00 11-Jun-2012,,,GPE,-34.50000000,19.79595947,0,4,,-8.000000,15.60,15.60,0.000000,15.40,15.60,8.000000,15.40,15.60,16.000000,15.60,15.60,,,,,,,,,,,,,,,,,,,,,,,,,,,,,,,
"Gansbaai GW2",117494,0.500000,Argos,Mk10,00:00:00 12-Jun-2012,,,GPE,-34.50000000,19.79595947,0,3,,0.000000,15.40,15.60,8.000000,15.40,15.60,16.000000,15.40,15.60,,,,,,,,,,,,,,,,,,,,,,,,,,,,,,,,,,
"Gansbaai GW2",117494,0.500000,Argos,Mk10,06:00:00 12-Jun-2012,,,GPE,-35.50000000,19.39801979,0,3,,-8.000000,15.20,15.60,0.000000,15.20,15.60,8.000000,15.40,15.60,,,,,,,,,,,,,,,,,,,,,,,,,,,,,,,,,,
"Gansbaai GW2",117494,0.500000,Argos,Mk10,12:00:00 12-Jun-2012,,,GPE,-35.50000000,19.39801979,0,3,,-8.000000,15.40,15.60,0.000000,15.40,15.60,8.000000,15.40,15.60,,,,,,,,,,,,,,,,,,,,,,,,,,,,,,,,,,
"Gansbaai GW2",117494,0.500000,Argos,Mk10,18:00:00 12-Jun-2012,,,GPE,-36.50000000,19.46206093,0,5,,-8.000000,15.60,15.60,0.000000,15.40,15.60,8.000000,15.40,15.60,16.000000,15.60,15.60,24.000000,15.60,15.60,,,,,,,,,,,,,,,,,,,,,,,,,,,,
"Gansbaai GW2",117494,0.500000,Argos,Mk10,00:00:00 13-Jun-2012,,,GPE,-36.50000000,19.46206093,0,3,,0.000000,15.20,15.60,8.000000,15.40,15.60,16.000000,15.60,15.60,,,,,,,,,,,,,,,,,,,,,,,,,,,,,,,,,,
"Gansbaai GW2",117494,0.500000,Argos,Mk10,06:00:00 13-Jun-2012,,,GPE,-36.50000000,20.00098991,0,2,,0.000000,15.00,15.40,8.000000,15.40,15.40,,,,,,,,,,,,,,,,,,,,,,,,,,,,,,,,,,,,,
"Gansbaai GW2",117494,0.500000,Argos,Mk10,12:00:00 13-Jun-2012,,,GPE,-36.50000000,20.00098991,0,2,,0.000000,15.40,15.60,8.000000,15.40,15.60,,,,,,,,,,,,,,,,,,,,,,,,,,,,,,,,,,,,,
"Gansbaai GW2",117494,0.500000,Argos,Mk10,18:00:00 13-Jun-2012,,,GPE,-35.00000000,19.22248077,0,4,,0.000000,15.40,15.40,8.000000,15.20,15.40,16.000000,15.20,15.40,24.000000,15.40,15.40,,,,,,,,,,,,,,,,,,,,,,,,,,,,,,,
"Gansbaai GW2",117494,0.500000,Argos,Mk10,00:00:00 14-Jun-2012,,,GPE,-35.00000000,19.22248077,0,4,,0.000000,15.20,15.20,8.000000,15.20,15.40,16.000000,15.20,15.40,24.000000,15.20,15.40,,,,,,,,,,,,,,,,,,,,,,,,,,,,,,,
"Gansbaai GW2",117494,0.500000,Argos,Mk10,06:00:00 14-Jun-2012,,,GPE,-34.50000000,19.74752045,0,3,,0.000000,15.20,15.40,8.000000,15.20,15.40,16.000000,15.20,15.40,,,,,,,,,,,,,,,,,,,,,,,,,,,,,,,,,,
"Gansbaai GW2",117494,0.500000,Argos,Mk10,12:00:00 14-Jun-2012,,,GPE,-34.50000000,19.74752045,0,3,,0.000000,15.20,15.40,8.000000,15.20,15.40,16.000000,15.20,15.40,,,,,,,,,,,,,,,,,,,,,,,,,,,,,,,,,,
"Gansbaai GW2",117494,0.500000,Argos,Mk10,18:00:00 14-Jun-2012,,,GPE,-34.00000000,19.57582092,0,4,,0.000000,15.20,15.40,8.000000,15.00,15.40,16.000000,14.80,15.40,24.000000,13.20,15.20,,,,,,,,,,,,,,,,,,,,,,,,,,,,,,,
"Gansbaai GW2",117494,0.500000,Argos,Mk10,00:00:00 15-Jun-2012,,,GPE,-34.00000000,19.57582092,0,5,,-8.000000,15.20,15.20,0.000000,15.20,15.40,8.000000,14.40,15.40,16.000000,13.20,15.40,24.000000,13.00,15.00,,,,,,,,,,,,,,,,,,,,,,,,,,,,
"Gansbaai GW2",117494,0.500000,Argos,Mk10,06:00:00 15-Jun-2012,,,GPE,-33.50000000,19.71949005,0,4,,-8.000000,15.40,15.40,0.000000,15.20,15.40,8.000000,15.20,15.40,16.000000,15.20,15.20,,,,,,,,,,,,,,,,,,,,,,,,,,,,,,,
"Gansbaai GW2",117494,0.500000,Argos,Mk10,12:00:00 15-Jun-2012,,,GPE,-33.50000000,19.71949005,0,3,,-8.000000,15.40,15.60,0.000000,15.20,15.60,8.000000,15.20,15.40,,,,,,,,,,,,,,,,,,,,,,,,,,,,,,,,,,
"Gansbaai GW2",117494,0.500000,Argos,Mk10,18:00:00 15-Jun-2012,,,GPE,-34.00000000,19.86405945,0,4,,-8.000000,15.20,15.40,0.000000,15.20,15.40,8.000000,15.20,15.40,16.000000,15.20,15.20,,,,,,,,,,,,,,,,,,,,,,,,,,,,,,,
"Gansbaai GW2",117494,0.500000,Argos,Mk10,00:00:00 16-Jun-2012,,,GPE,-34.00000000,19.86405945,0,4,,-8.000000,15.20,15.40,0.000000,15.00,15.40,8.000000,14.80,15.40,16.000000,15.00,15.00,,,,,,,,,,,,,,,,,,,,,,,,,,,,,,,
"Gansbaai GW2",117494,0.500000,Argos,Mk10,06:00:00 16-Jun-2012,,,GPE,-34.00000000,19.99827957,0,3,,-8.000000,15.20,15.40,0.000000,15.20,15.40,8.000000,15.00,15.40,,,,,,,,,,,,,,,,,,,,,,,,,,,,,,,,,,
"Gansbaai GW2",117494,0.500000,Argos,Mk10,12:00:00 16-Jun-2012,,,GPE,-34.00000000,19.99827957,0,3,,-8.000000,15.00,15.60,0.000000,14.60,15.60,8.000000,14.60,15.40,,,,,,,,,,,,,,,,,,,,,,,,,,,,,,,,,,
"Gansbaai GW2",117494,0.500000,Argos,Mk10,18:00:00 16-Jun-2012,,,GPE,-34.50000000,20.29108047,0,2,,-8.000000,15.20,15.40,0.000000,15.20,15.40,,,,,,,,,,,,,,,,,,,,,,,,,,,,,,,,,,,,,
"Gansbaai GW2",117494,0.500000,Argos,Mk10,00:00:00 17-Jun-2012,,,GPE,-34.50000000,20.29108047,0,3,,-8.000000,15.20,15.20,0.000000,15.00,15.20,8.000000,15.00,15.20,,,,,,,,,,,,,,,,,,,,,,,,,,,,,,,,,,
"Gansbaai GW2",117494,0.500000,Argos,Mk10,06:00:00 17-Jun-2012,,,GPE,-34.50000000,20.29108047,0,3,,0.000000,14.60,15.20,8.000000,14.40,15.20,16.000000,14.40,15.20,,,,,,,,,,,,,,,,,,,,,,,,,,,,,,,,,,
"Gansbaai GW2",117494,0.500000,Argos,Mk10,12:00:00 17-Jun-2012,,,GPE,-36.50000000,19.10503006,0,3,,0.000000,14.60,15.20,8.000000,14.40,15.20,16.000000,14.40,15.00,,,,,,,,,,,,,,,,,,,,,,,,,,,,,,,,,,
"Gansbaai GW2",117494,0.500000,Argos,Mk10,18:00:00 17-Jun-2012,,,GPE,-36.00000000,19.00521088,0,2,,0.000000,15.20,15.20,8.000000,15.20,15.20,,,,,,,,,,,,,,,,,,,,,,,,,,,,,,,,,,,,,
"Gansbaai GW2",117494,0.500000,Argos,Mk10,00:00:00 18-Jun-2012,,,GPE,-36.00000000,19.00521088,0,3,,0.000000,14.80,15.20,8.000000,14.60,15.20,16.000000,15.00,15.00,,,,,,,,,,,,,,,,,,,,,,,,,,,,,,,,,,
"Gansbaai GW2",117494,0.500000,Argos,Mk10,06:00:00 18-Jun-2012,,,GPE,-34.50000000,19.40221024,0,3,,0.000000,14.60,15.20,8.000000,14.40,15.20,16.000000,14.40,15.00,,,,,,,,,,,,,,,,,,,,,,,,,,,,,,,,,,
"Gansbaai GW2",117494,0.500000,Argos,Mk10,12:00:00 18-Jun-2012,,,GPE,-34.50000000,19.40221024,0,3,,0.000000,14.60,15.00,8.000000,14.40,15.00,16.000000,14.40,15.00,,,,,,,,,,,,,,,,,,,,,,,,,,,,,,,,,,
"Gansbaai GW2",117494,0.500000,Argos,Mk10,18:00:00 18-Jun-2012,,,GPE,-34.50000000,19.22875023,0,3,,0.000000,14.60,15.00,8.000000,14.60,15.00,16.000000,14.60,14.80,,,,,,,,,,,,,,,,,,,,,,,,,,,,,,,,,,
"Gansbaai GW2",117494,0.500000,Argos,Mk10,00:00:00 19-Jun-2012,,,GPE,-34.50000000,19.22875023,0,3,,8.000000,14.60,15.00,16.000000,14.60,15.00,24.000000,14.80,14.80,,,,,,,,,,,,,,,,,,,,,,,,,,,,,,,,,,
"Gansbaai GW2",117494,0.500000,Argos,Mk10,06:00:00 19-Jun-2012,,,GPE,-34.50000000,19.22875023,0,3,,0.000000,14.60,14.80,8.000000,14.20,15.00,16.000000,14.40,15.00,,,,,,,,,,,,,,,,,,,,,,,,,,,,,,,,,,
"Gansbaai GW2",117494,0.500000,Argos,Mk10,12:00:00 19-Jun-2012,,,GPE,-35.00000000,19.44942093,0,3,,0.000000,14.80,14.80,8.000000,14.60,14.80,16.000000,14.60,14.80,,,,,,,,,,,,,,,,,,,,,,,,,,,,,,,,,,
"Gansbaai GW2",117494,0.500000,Argos,Mk10,18:00:00 19-Jun-2012,,,GPE,-35.00000000,19.39146042,0,2,,8.000000,14.60,15.00,16.000000,14.60,14.80,,,,,,,,,,,,,,,,,,,,,,,,,,,,,,,,,,,,,
"Gansbaai GW2",117494,0.500000,Argos,Mk10,00:00:00 20-Jun-2012,,,GPE,-35.00000000,19.39146042,0,3,,0.000000,14.60,14.80,8.000000,14.60,14.80,16.000000,14.60,14.80,,,,,,,,,,,,,,,,,,,,,,,,,,,,,,,,,,
"Gansbaai GW2",117494,0.500000,Argos,Mk10,06:00:00 20-Jun-2012,,,GPE,-34.00000000,19.75196075,0,3,,0.000000,14.80,14.80,8.000000,14.60,14.80,16.000000,14.80,14.80,,,,,,,,,,,,,,,,,,,,,,,,,,,,,,,,,,
"Gansbaai GW2",117494,0.500000,Argos,Mk10,12:00:00 20-Jun-2012,,,GPE,-34.00000000,19.75196075,0,3,,0.000000,14.60,14.80,8.000000,14.60,14.80,16.000000,14.80,14.80,,,,,,,,,,,,,,,,,,,,,,,,,,,,,,,,,,
"Gansbaai GW2",117494,0.500000,Argos,Mk10,18:00:00 20-Jun-2012,,,GPE,-34.50000000,19.86276054,0,5,,-8.000000,13.40,14.40,0.000000,13.00,14.60,8.000000,12.80,14.80,16.000000,12.80,14.40,24.000000,12.80,14.00,,,,,,,,,,,,,,,,,,,,,,,,,,,,
"Gansbaai GW2",117494,0.500000,Argos,Mk10,00:00:00 21-Jun-2012,,,GPE,-34.50000000,19.86276054,0,3,,-8.000000,14.40,14.40,0.000000,14.40,14.60,8.000000,14.40,14.60,,,,,,,,,,,,,,,,,,,,,,,,,,,,,,,,,,
"Gansbaai GW2",117494,0.500000,Argos,Mk10,06:00:00 21-Jun-2012,,,GPE,-34.00000000,20.40146065,0,2,,0.000000,14.40,14.40,8.000000,14.40,14.40,,,,,,,,,,,,,,,,,,,,,,,,,,,,,,,,,,,,,
"Gansbaai GW2",117494,0.500000,Argos,Mk10,12:00:00 21-Jun-2012,,,GPE,-34.00000000,20.40146065,0,3,,-8.000000,14.40,14.40,0.000000,14.40,14.40,8.000000,14.40,14.40,,,,,,,,,,,,,,,,,,,,,,,,,,,,,,,,,,
"Gansbaai GW2",117494,0.500000,Argos,Mk10,18:00:00 21-Jun-2012,,,GPE,-34.00000000,20.67107964,0,3,,-8.000000,14.40,14.40,0.000000,14.40,14.60,8.000000,14.40,14.40,,,,,,,,,,,,,,,,,,,,,,,,,,,,,,,,,,
"Gansbaai GW2",117494,0.500000,Argos,Mk10,00:00:00 22-Jun-2012,,,GPE,-34.00000000,20.67107964,0,4,,-8.000000,14.40,14.60,0.000000,14.20,14.60,8.000000,14.00,14.60,16.000000,14.40,14.40,,,,,,,,,,,,,,,,,,,,,,,,,,,,,,,
"Gansbaai GW2",117494,0.500000,Argos,Mk10,06:00:00 22-Jun-2012,,,GPE,-34.00000000,20.67107964,0,3,,-8.000000,14.20,14.60,0.000000,14.00,14.60,8.000000,14.00,14.60,,,,,,,,,,,,,,,,,,,,,,,,,,,,,,,,,,
"Gansbaai GW2",117494,0.500000,Argos,Mk10,12:00:00 22-Jun-2012,,,GPE,-37.00000000,18.54033089,0,3,,-8.000000,14.60,14.80,0.000000,14.20,14.80,8.000000,14.00,14.60,,,,,,,,,,,,,,,,,,,,,,,,,,,,,,,,,,
"Gansbaai GW2",117494,0.500000,Argos,Mk10,18:00:00 22-Jun-2012,,,GPE,-40.00000000,19.85264015,0,3,,-8.000000,14.60,14.60,0.000000,14.20,14.60,8.000000,14.20,14.60,,,,,,,,,,,,,,,,,,,,,,,,,,,,,,,,,,
"Gansbaai GW2",117494,0.500000,Argos,Mk10,00:00:00 23-Jun-2012,,,GPE,-40.00000000,19.85264015,0,3,,-8.000000,14.20,14.60,0.000000,13.60,14.60,8.000000,13.60,14.60,,,,,,,,,,,,,,,,,,,,,,,,,,,,,,,,,,
"Gansbaai GW2",117494,0.500000,Argos,Mk10,06:00:00 23-Jun-2012,,,GPE,-37.50000000,20.62727928,0,4,,-8.000000,14.40,14.60,0.000000,14.00,14.60,8.000000,13.40,14.60,16.000000,13.60,14.00,,,,,,,,,,,,,,,,,,,,,,,,,,,,,,,
"Gansbaai GW2",117494,0.500000,Argos,Mk10,12:00:00 23-Jun-2012,,,GPE,-37.50000000,20.62727928,0,4,,-8.000000,14.80,14.80,0.000000,14.20,15.00,8.000000,13.80,14.80,16.000000,14.20,14.20,,,,,,,,,,,,,,,,,,,,,,,,,,,,,,,
"Gansbaai GW2",117494,0.500000,Argos,Mk10,18:00:00 23-Jun-2012,,,GPE,-37.00000000,19.55009079,0,4,,-8.000000,14.80,14.80,0.000000,14.00,15.00,8.000000,13.40,15.00,16.000000,13.40,14.80,,,,,,,,,,,,,,,,,,,,,,,,,,,,,,,
"Gansbaai GW2",117494,0.500000,Argos,Mk10,00:00:00 24-Jun-2012,,,GPE,-37.00000000,19.55009079,0,4,,0.000000,13.60,14.60,8.000000,12.60,15.00,16.000000,12.40,14.40,24.000000,12.00,13.60,,,,,,,,,,,,,,,,,,,,,,,,,,,,,,,
"Gansbaai GW2",117494,0.500000,Argos,Mk10,06:00:00 24-Jun-2012,,,GPE,-37.00000000,19.55009079,0,4,,0.000000,14.80,14.80,8.000000,13.80,14.80,16.000000,12.40,14.60,24.000000,12.20,14.40,,,,,,,,,,,,,,,,,,,,,,,,,,,,,,,
"Gansbaai GW2",117494,0.500000,Argos,Mk10,12:00:00 24-Jun-2012,,,GPE,-34.50000000,19.06848907,0,3,,8.000000,14.00,14.40,16.000000,13.60,14.40,24.000000,13.60,14.40,,,,,,,,,,,,,,,,,,,,,,,,,,,,,,,,,,
"Gansbaai GW2",117494,0.500000,Argos,Mk10,18:00:00 24-Jun-2012,,,GPE,-34.50000000,19.06848907,0,3,,8.000000,14.20,14.40,16.000000,14.00,14.40,24.000000,13.40,14.40,,,,,,,,,,,,,,,,,,,,,,,,,,,,,,,,,,
"Gansbaai GW2",117494,0.500000,Argos,Mk10,00:00:00 25-Jun-2012,,,GPE,-34.50000000,19.06848907,0,3,,8.000000,14.20,14.20,16.000000,14.00,14.40,24.000000,14.00,14.20,,,,,,,,,,,,,,,,,,,,,,,,,,,,,,,,,,
"Gansbaai GW2",117494,0.500000,Argos,Mk10,06:00:00 25-Jun-2012,,,GPE,-34.50000000,19.06848907,0,3,,8.000000,14.20,14.20,16.000000,14.00,14.20,24.000000,14.00,14.20,,,,,,,,,,,,,,,,,,,,,,,,,,,,,,,,,,
"Gansbaai GW2",117494,0.500000,Argos,Mk10,12:00:00 25-Jun-2012,,,GPE,-34.50000000,19.06848907,0,4,,0.000000,14.80,15.60,8.000000,14.20,16.00,16.000000,13.60,16.00,24.000000,13.80,15.80,,,,,,,,,,,,,,,,,,,,,,,,,,,,,,,
"Gansbaai GW2",117494,0.500000,Argos,Mk10,18:00:00 25-Jun-2012,,,GPE,-34.50000000,19.06848907,0,5,,0.000000,15.00,15.60,8.000000,14.60,15.80,16.000000,14.40,15.80,24.000000,14.40,15.80,32.000000,14.80,15.80,,,,,,,,,,,,,,,,,,,,,,,,,,,,
"Gansbaai GW2",117494,0.500000,Argos,Mk10,00:00:00 26-Jun-2012,,,GPE,-34.50000000,19.06848907,0,3,,8.000000,14.60,14.80,16.000000,14.40,14.80,24.000000,14.40,14.80,,,,,,,,,,,,,,,,,,,,,,,,,,,,,,,,,,
"Gansbaai GW2",117494,0.500000,Argos,Mk10,06:00:00 26-Jun-2012,,,GPE,-34.50000000,19.06848907,0,4,,0.000000,15.00,15.20,8.000000,14.60,15.60,16.000000,14.60,15.60,24.000000,14.60,14.60,,,,,,,,,,,,,,,,,,,,,,,,,,,,,,,
"Gansbaai GW2",117494,0.500000,Argos,Mk10,12:00:00 26-Jun-2012,,,GPE,-31.50000000,19.71479034,0,4,,0.000000,15.40,15.40,8.000000,15.20,15.60,16.000000,15.20,15.60,24.000000,15.20,15.60,,,,,,,,,,,,,,,,,,,,,,,,,,,,,,,
"Gansbaai GW2",117494,0.500000,Argos,Mk10,18:00:00 26-Jun-2012,,,GPE,-31.00000000,21.21553993,0,5,,-8.000000,15.40,15.40,0.000000,15.20,15.60,8.000000,15.20,15.60,16.000000,15.20,15.60,24.000000,15.40,15.40,,,,,,,,,,,,,,,,,,,,,,,,,,,,
"Gansbaai GW2",117494,0.500000,Argos,Mk10,00:00:00 27-Jun-2012,,,GPE,-31.00000000,21.21553993,0,4,,0.000000,15.40,15.40,8.000000,15.20,15.60,16.000000,15.40,15.60,24.000000,15.40,15.60,,,,,,,,,,,,,,,,,,,,,,,,,,,,,,,
"Gansbaai GW2",117494,0.500000,Argos,Mk10,06:00:00 27-Jun-2012,,,GPE,-31.00000000,21.21553993,0,3,,0.000000,15.40,15.40,8.000000,15.40,15.40,16.000000,15.40,15.40,,,,,,,,,,,,,,,,,,,,,,,,,,,,,,,,,,
"Gansbaai GW2",117494,0.500000,Argos,Mk10,12:00:00 27-Jun-2012,,,GPE,-33.00000000,19.56913948,0,3,,0.000000,15.40,15.40,8.000000,15.20,15.40,16.000000,15.20,15.40,,,,,,,,,,,,,,,,,,,,,,,,,,,,,,,,,,
"Gansbaai GW2",117494,0.500000,Argos,Mk10,18:00:00 27-Jun-2012,,,GPE,-35.50000000,19.63232040,0,2,,8.000000,15.40,15.40,16.000000,15.40,15.40,,,,,,,,,,,,,,,,,,,,,,,,,,,,,,,,,,,,,
"Gansbaai GW2",117494,0.500000,Argos,Mk10,00:00:00 28-Jun-2012,,,GPE,-35.50000000,19.63232040,0,3,,0.000000,15.40,15.40,8.000000,15.20,15.40,16.000000,15.20,15.40,,,,,,,,,,,,,,,,,,,,,,,,,,,,,,,,,,
"Gansbaai GW2",117494,0.500000,Argos,Mk10,06:00:00 28-Jun-2012,,,GPE,-35.50000000,19.63232040,0,4,,-8.000000,15.20,15.40,0.000000,15.20,15.40,8.000000,15.20,15.40,16.000000,15.20,15.40,,,,,,,,,,,,,,,,,,,,,,,,,,,,,,,
"Gansbaai GW2",117494,0.500000,Argos,Mk10,12:00:00 28-Jun-2012,,,GPE,-33.50000000,20.75950050,0,2,,8.000000,15.00,15.20,16.000000,15.00,15.20,,,,,,,,,,,,,,,,,,,,,,,,,,,,,,,,,,,,,
"Gansbaai GW2",117494,0.500000,Argos,Mk10,18:00:00 28-Jun-2012,,,GPE,-34.50000000,21.17021942,0,3,,0.000000,15.20,15.40,8.000000,15.20,15.40,16.000000,15.20,15.40,,,,,,,,,,,,,,,,,,,,,,,,,,,,,,,,,,
"Gansbaai GW2",117494,0.500000,Argos,Mk10,00:00:00 29-Jun-2012,,,GPE,-34.50000000,21.17021942,0,4,,-8.000000,15.20,15.20,0.000000,15.00,15.20,8.000000,15.00,15.40,16.000000,15.20,15.40,,,,,,,,,,,,,,,,,,,,,,,,,,,,,,,
"Gansbaai GW2",117494,0.500000,Argos,Mk10,06:00:00 29-Jun-2012,,,GPE,-34.50000000,21.17021942,0,3,,-8.000000,15.00,15.00,0.000000,15.00,15.00,8.000000,15.00,15.00,,,,,,,,,,,,,,,,,,,,,,,,,,,,,,,,,,
"Gansbaai GW2",117494,0.500000,Argos,Mk10,12:00:00 29-Jun-2012,,,GPE,-34.50000000,21.17021942,0,3,,-8.000000,15.00,15.00,0.000000,15.00,15.20,8.000000,15.00,15.20,,,,,,,,,,,,,,,,,,,,,,,,,,,,,,,,,,
"Gansbaai GW2",117494,0.500000,Argos,Mk10,18:00:00 29-Jun-2012,,,GPE,-34.50000000,21.17021942,0,3,,-8.000000,15.20,15.20,0.000000,15.00,15.20,8.000000,15.00,15.20,,,,,,,,,,,,,,,,,,,,,,,,,,,,,,,,,,
"Gansbaai GW2",117494,0.500000,Argos,Mk10,00:00:00 30-Jun-2012,,,GPE,-34.50000000,21.17021942,0,3,,-8.000000,15.00,15.20,0.000000,14.80,15.20,8.000000,14.80,15.20,,,,,,,,,,,,,,,,,,,,,,,,,,,,,,,,,,
"Gansbaai GW2",117494,0.500000,Argos,Mk10,06:00:00 30-Jun-2012,,,GPE,-34.50000000,21.17021942,0,4,,-8.000000,15.00,15.20,0.000000,14.80,15.20,8.000000,14.80,15.20,16.000000,14.80,15.20,,,,,,,,,,,,,,,,,,,,,,,,,,,,,,,
"Gansbaai GW2",117494,0.500000,Argos,Mk10,12:00:00 30-Jun-2012,,,GPE,-34.50000000,21.17021942,0,4,,-8.000000,14.80,15.40,0.000000,14.60,15.40,8.000000,14.60,15.40,16.000000,14.80,15.00,,,,,,,,,,,,,,,,,,,,,,,,,,,,,,,
"Gansbaai GW2",117494,0.500000,Argos,Mk10,18:00:00 30-Jun-2012,,,GPE,-34.00000000,20.86948013,0,3,,-8.000000,15.20,15.20,0.000000,15.00,15.20,8.000000,15.00,15.20,,,,,,,,,,,,,,,,,,,,,,,,,,,,,,,,,,
"Gansbaai GW2",117494,0.500000,Argos,Mk10,00:00:00 01-Jul-2012,,,GPE,-34.00000000,20.86948013,0,3,,-8.000000,15.00,15.20,0.000000,14.80,15.20,8.000000,14.80,15.20,,,,,,,,,,,,,,,,,,,,,,,,,,,,,,,,,,
"Gansbaai GW2",117494,0.500000,Argos,Mk10,06:00:00 01-Jul-2012,,,GPE,-34.00000000,20.86948013,0,3,,-8.000000,14.80,15.40,0.000000,14.80,15.40,8.000000,14.80,15.40,,,,,,,,,,,,,,,,,,,,,,,,,,,,,,,,,,
"Gansbaai GW2",117494,0.500000,Argos,Mk10,12:00:00 01-Jul-2012,,,GPE,-34.00000000,20.86948013,0,3,,-8.000000,14.80,15.20,0.000000,14.80,15.20,8.000000,14.80,15.20,,,,,,,,,,,,,,,,,,,,,,,,,,,,,,,,,,
"Gansbaai GW2",117494,0.500000,Argos,Mk10,18:00:00 01-Jul-2012,,,GPE,-32.50000000,19.46615028,0,5,,-8.000000,15.00,15.40,0.000000,14.80,15.40,8.000000,14.80,15.40,16.000000,15.00,15.40,24.000000,15.20,15.40,,,,,,,,,,,,,,,,,,,,,,,,,,,,
"Gansbaai GW2",117494,0.500000,Argos,Mk10,00:00:00 02-Jul-2012,,,GPE,-32.50000000,19.46615028,0,3,,-8.000000,14.80,15.20,0.000000,14.80,15.20,8.000000,14.80,15.00,,,,,,,,,,,,,,,,,,,,,,,,,,,,,,,,,,
"Gansbaai GW2",117494,0.500000,Argos,Mk10,06:00:00 02-Jul-2012,,,GPE,-32.50000000,19.46615028,0,3,,-8.000000,14.60,15.00,0.000000,14.60,15.00,8.000000,14.80,15.00,,,,,,,,,,,,,,,,,,,,,,,,,,,,,,,,,,
"Gansbaai GW2",117494,0.500000,Argos,Mk10,12:00:00 02-Jul-2012,,,GPE,-34.50000000,20.85112000,0,5,,-8.000000,15.00,15.60,0.000000,14.80,15.60,8.000000,14.80,15.60,16.000000,15.00,15.60,24.000000,15.40,15.60,,,,,,,,,,,,,,,,,,,,,,,,,,,,
"Gansbaai GW2",117494,0.500000,Argos,Mk10,18:00:00 02-Jul-2012,,,GPE,-37.50000000,19.44366074,0,4,,-8.000000,15.00,15.20,0.000000,14.80,15.20,8.000000,14.80,15.20,16.000000,14.80,15.20,,,,,,,,,,,,,,,,,,,,,,,,,,,,,,,
"Gansbaai GW2",117494,0.500000,Argos,Mk10,00:00:00 03-Jul-2012,,,GPE,-37.50000000,19.44366074,0,2,,0.000000,15.00,15.20,8.000000,15.00,15.20,,,,,,,,,,,,,,,,,,,,,,,,,,,,,,,,,,,,,
"Gansbaai GW2",117494,0.500000,Argos,Mk10,06:00:00 03-Jul-2012,,,GPE,-37.50000000,19.44366074,0,3,,-8.000000,15.00,15.20,0.000000,14.80,15.20,8.000000,15.00,15.20,,,,,,,,,,,,,,,,,,,,,,,,,,,,,,,,,,
"Gansbaai GW2",117494,0.500000,Argos,Mk10,12:00:00 03-Jul-2012,,,GPE,-37.50000000,19.44366074,0,3,,-8.000000,14.80,15.20,0.000000,14.80,15.20,8.000000,14.80,15.20,,,,,,,,,,,,,,,,,,,,,,,,,,,,,,,,,,
"Gansbaai GW2",117494,0.500000,Argos,Mk10,18:00:00 03-Jul-2012,,,GPE,-37.50000000,19.44366074,0,3,,-8.000000,15.00,15.00,0.000000,15.00,15.00,8.000000,15.00,15.00,,,,,,,,,,,,,,,,,,,,,,,,,,,,,,,,,,
"Gansbaai GW2",117494,0.500000,Argos,Mk10,00:00:00 04-Jul-2012,,,GPE,-37.50000000,19.44366074,0,4,,-8.000000,14.80,15.20,0.000000,14.80,15.20,8.000000,14.80,15.20,16.000000,15.20,15.20,,,,,,,,,,,,,,,,,,,,,,,,,,,,,,,
"Gansbaai GW2",117494,0.500000,Argos,Mk10,06:00:00 04-Jul-2012,,,GPE,-37.50000000,19.44366074,0,4,,-8.000000,14.80,15.20,0.000000,14.80,15.20,8.000000,14.80,15.20,16.000000,14.80,15.20,,,,,,,,,,,,,,,,,,,,,,,,,,,,,,,
"Gansbaai GW2",117494,0.500000,Argos,Mk10,12:00:00 04-Jul-2012,,,GPE,-37.50000000,19.44366074,0,4,,-8.000000,15.20,15.40,0.000000,15.20,15.40,8.000000,15.20,15.40,16.000000,15.20,15.40,,,,,,,,,,,,,,,,,,,,,,,,,,,,,,,
"Gansbaai GW2",117494,0.500000,Argos,Mk10,18:00:00 04-Jul-2012,,,GPE,-37.50000000,19.63448906,0,4,,-8.000000,14.80,15.20,0.000000,14.80,15.20,8.000000,14.80,15.20,16.000000,15.20,15.20,,,,,,,,,,,,,,,,,,,,,,,,,,,,,,,
"Gansbaai GW2",117494,0.500000,Argos,Mk10,00:00:00 05-Jul-2012,,,GPE,-37.50000000,19.63448906,0,3,,-8.000000,15.00,15.00,0.000000,14.80,15.00,8.000000,14.80,15.00,,,,,,,,,,,,,,,,,,,,,,,,,,,,,,,,,,
"Gansbaai GW2",117494,0.500000,Argos,Mk10,06:00:00 05-Jul-2012,,,GPE,-37.50000000,19.63448906,0,3,,-8.000000,14.60,14.80,0.000000,14.60,15.00,8.000000,14.60,15.00,,,,,,,,,,,,,,,,,,,,,,,,,,,,,,,,,,
"Gansbaai GW2",117494,0.500000,Argos,Mk10,12:00:00 05-Jul-2012,,,GPE,-35.50000000,20.91643906,0,3,,0.000000,15.00,15.20,8.000000,14.80,15.20,16.000000,15.00,15.00,,,,,,,,,,,,,,,,,,,,,,,,,,,,,,,,,,
"Gansbaai GW2",117494,0.500000,Argos,Mk10,18:00:00 05-Jul-2012,,,GPE,-35.50000000,20.71655083,0,3,,-8.000000,15.00,15.00,0.000000,15.00,15.00,8.000000,14.80,15.20,,,,,,,,,,,,,,,,,,,,,,,,,,,,,,,,,,
"Gansbaai GW2",117494,0.500000,Argos,Mk10,00:00:00 06-Jul-2012,,,GPE,-35.50000000,20.71655083,0,4,,-8.000000,14.80,15.20,0.000000,14.60,15.20,8.000000,14.60,15.20,16.000000,15.00,15.00,,,,,,,,,,,,,,,,,,,,,,,,,,,,,,,
"Gansbaai GW2",117494,0.500000,Argos,Mk10,06:00:00 06-Jul-2012,,,GPE,-35.50000000,20.71655083,0,4,,-8.000000,14.40,15.00,0.000000,14.40,15.00,8.000000,14.60,15.00,16.000000,14.80,15.00,,,,,,,,,,,,,,,,,,,,,,,,,,,,,,,
"Gansbaai GW2",117494,0.500000,Argos,Mk10,12:00:00 06-Jul-2012,,,GPE,-35.50000000,20.71655083,0,3,,-8.000000,14.60,15.40,0.000000,14.60,15.40,8.000000,14.60,15.20,,,,,,,,,,,,,,,,,,,,,,,,,,,,,,,,,,
"Gansbaai GW2",117494,0.500000,Argos,Mk10,18:00:00 06-Jul-2012,,,GPE,-35.50000000,20.71655083,0,4,,-8.000000,15.00,15.40,0.000000,14.80,15.40,8.000000,14.80,15.20,16.000000,15.00,15.20,,,,,,,,,,,,,,,,,,,,,,,,,,,,,,,
"Gansbaai GW2",117494,0.500000,Argos,Mk10,00:00:00 07-Jul-2012,,,GPE,-35.50000000,20.71655083,0,3,,-8.000000,14.60,14.60,0.000000,14.40,15.00,8.000000,14.60,15.00,,,,,,,,,,,,,,,,,,,,,,,,,,,,,,,,,,
"Gansbaai GW2",117494,0.500000,Argos,Mk10,06:00:00 07-Jul-2012,,,GPE,-35.50000000,20.71655083,0,5,,0.000000,14.40,15.20,8.000000,14.40,15.20,16.000000,14.60,15.20,24.000000,15.20,15.20,32.000000,15.20,15.20,,,,,,,,,,,,,,,,,,,,,,,,,,,,
"Gansbaai GW2",117494,0.500000,Argos,Mk10,12:00:00 07-Jul-2012,,,GPE,-35.00000000,20.99774933,0,4,,0.000000,14.80,15.20,8.000000,15.00,15.20,16.000000,15.00,15.20,24.000000,15.20,15.20,,,,,,,,,,,,,,,,,,,,,,,,,,,,,,,
"Gansbaai GW2",117494,0.500000,Argos,Mk10,18:00:00 07-Jul-2012,,,GPE,-38.00000000,21.01358032,0,3,,0.000000,14.80,15.00,8.000000,15.00,15.00,16.000000,15.00,15.00,,,,,,,,,,,,,,,,,,,,,,,,,,,,,,,,,,
"Gansbaai GW2",117494,0.500000,Argos,Mk10,00:00:00 08-Jul-2012,,,GPE,-38.00000000,21.01358032,0,4,,0.000000,14.60,15.00,8.000000,14.60,15.00,16.000000,14.60,15.00,24.000000,14.80,15.00,,,,,,,,,,,,,,,,,,,,,,,,,,,,,,,
"Gansbaai GW2",117494,0.500000,Argos,Mk10,06:00:00 08-Jul-2012,,,GPE,-38.00000000,21.01358032,0,4,,0.000000,14.00,14.80,8.000000,14.20,14.80,16.000000,14.80,14.80,24.000000,14.80,14.80,,,,,,,,,,,,,,,,,,,,,,,,,,,,,,,
"Gansbaai GW2",117494,0.500000,Argos,Mk10,12:00:00 08-Jul-2012,,,GPE,-38.00000000,21.01358032,0,12,,0.000000,14.80,15.20,8.000000,14.80,15.20,16.000000,14.80,15.20,24.000000,14.80,15.15,32.000000,15.00,15.15,40.000000,15.00,15.20,48.000000,15.00,15.20,56.000000,15.00,15.20,64.000000,15.05,15.15,72.000000,15.05,15.15,80.000000,15.00,15.20,88.000000,15.20,15.20,,,,,,,
"Gansbaai GW2",117494,0.500000,Argos,Mk10,18:00:00 08-Jul-2012,,,GPE,-38.00000000,21.01358032,0,11,,0.000000,14.40,15.20,8.000000,14.60,15.20,16.000000,14.60,15.20,24.000000,14.90,15.15,32.000000,15.20,15.20,40.000000,15.20,15.20,48.000000,15.10,15.15,56.000000,15.20,15.20,64.000000,15.05,15.15,72.000000,15.20,15.20,80.000000,15.20,15.20,,,,,,,,,,
"Gansbaai GW2",117494,0.500000,Argos,Mk10,00:00:00 09-Jul-2012,,,GPE,-38.00000000,21.01358032,0,4,,0.000000,14.40,15.00,8.000000,14.40,15.00,16.000000,14.40,15.00,24.000000,15.00,15.00,,,,,,,,,,,,,,,,,,,,,,,,,,,,,,,
"Gansbaai GW2",117494,0.500000,Argos,Mk10,06:00:00 09-Jul-2012,,,GPE,-34.00000000,21.85115051,0,6,,0.000000,14.00,15.40,8.000000,14.00,15.40,16.000000,14.80,15.40,24.000000,14.80,15.40,32.000000,15.00,15.40,40.000000,15.20,15.20,,,,,,,,,,,,,,,,,,,,,,,,,
"Gansbaai GW2",117494,0.500000,Argos,Mk10,12:00:00 09-Jul-2012,,,GPE,-34.00000000,21.85115051,0,6,,0.000000,15.00,15.20,8.000000,15.00,15.20,16.000000,15.00,15.20,24.000000,15.00,15.20,32.000000,15.20,15.20,40.000000,15.20,15.40,,,,,,,,,,,,,,,,,,,,,,,,,
"Gansbaai GW2",117494,0.500000,Argos,Mk10,18:00:00 09-Jul-2012,,,GPE,-34.00000000,21.85115051,0,3,,0.000000,15.00,15.60,8.000000,15.00,15.60,16.000000,15.00,15.40,,,,,,,,,,,,,,,,,,,,,,,,,,,,,,,,,,
"Gansbaai GW2",117494,0.500000,Argos,Mk10,00:00:00 10-Jul-2012,,,GPE,-34.00000000,21.85115051,0,5,,0.000000,14.40,15.40,8.000000,14.40,15.20,16.000000,14.40,15.00,24.000000,14.40,14.60,32.000000,14.40,14.60,,,,,,,,,,,,,,,,,,,,,,,,,,,,
"Gansbaai GW2",117494,0.500000,Argos,Mk10,06:00:00 10-Jul-2012,,,GPE,-34.00000000,21.85115051,0,5,,0.000000,14.20,14.40,8.000000,14.20,14.60,16.000000,14.20,14.60,24.000000,14.20,14.20,32.000000,14.20,14.20,,,,,,,,,,,,,,,,,,,,,,,,,,,,
"Gansbaai GW2",117494,0.500000,Argos,Mk10,12:00:00 10-Jul-2012,,,GPE,-34.00000000,21.85115051,0,7,,0.000000,14.20,15.00,8.000000,14.20,15.00,16.000000,14.40,15.00,24.000000,14.40,14.80,32.000000,14.80,14.80,40.000000,14.80,14.80,48.000000,14.80,14.80,,,,,,,,,,,,,,,,,,,,,,
"Gansbaai GW2",117494,0.500000,Argos,Mk10,18:00:00 10-Jul-2012,,,GPE,-33.50000000,18.42130089,0,8,,0.000000,14.20,14.80,8.000000,14.20,14.80,16.000000,14.20,14.80,24.000000,14.20,14.80,32.000000,14.20,14.80,40.000000,14.20,14.80,48.000000,14.20,14.80,56.000000,14.20,14.20,,,,,,,,,,,,,,,,,,,
"Gansbaai GW2",117494,0.500000,Argos,Mk10,00:00:00 11-Jul-2012,,,GPE,-33.50000000,18.42130089,0,9,,0.000000,14.20,14.40,8.000000,14.20,14.40,16.000000,14.20,14.40,24.000000,14.20,14.40,32.000000,14.20,14.40,40.000000,14.20,14.40,48.000000,14.25,14.35,56.000000,14.20,14.40,64.000000,14.20,14.40,,,,,,,,,,,,,,,,
"Gansbaai GW2",117494,0.500000,Argos,Mk10,06:00:00 11-Jul-2012,,,GPE,-33.50000000,18.42130089,0,8,,0.000000,14.20,14.40,8.000000,14.20,14.20,16.000000,14.20,14.20,24.000000,14.20,14.20,32.000000,14.20,14.20,40.000000,14.20,14.20,48.000000,14.20,14.20,56.000000,14.20,14.20,,,,,,,,,,,,,,,,,,,
"Gansbaai GW2",117494,0.500000,Argos,Mk10,12:00:00 11-Jul-2012,,,GPE,-33.50000000,18.42130089,0,6,,0.000000,14.20,14.40,8.000000,14.20,14.40,16.000000,14.20,14.40,24.000000,14.20,14.40,32.000000,14.20,14.40,40.000000,14.20,14.20,,,,,,,,,,,,,,,,,,,,,,,,,
"Gansbaai GW2",117494,0.500000,Argos,Mk10,18:00:00 11-Jul-2012,,,GPE,-36.00000000,20.83109093,0,7,,0.000000,14.20,14.40,8.000000,14.20,14.40,16.000000,14.20,14.40,24.000000,14.20,14.40,32.000000,14.20,14.40,40.000000,14.20,14.40,48.000000,14.20,14.40,,,,,,,,,,,,,,,,,,,,,,
"Gansbaai GW2",117494,0.500000,Argos,Mk10,00:00:00 12-Jul-2012,,,GPE,-36.00000000,20.83109093,0,4,,0.000000,14.00,14.40,8.000000,14.00,14.40,16.000000,14.00,14.40,24.000000,14.20,14.40,,,,,,,,,,,,,,,,,,,,,,,,,,,,,,,
"Gansbaai GW2",117494,0.500000,Argos,Mk10,06:00:00 12-Jul-2012,,,GPE,-35.50000000,21.22043991,0,5,,0.000000,14.00,14.60,8.000000,14.00,14.60,16.000000,14.20,14.60,24.000000,14.20,14.60,32.000000,14.40,14.40,,,,,,,,,,,,,,,,,,,,,,,,,,,,
"Gansbaai GW2",117494,0.500000,Argos,Mk10,12:00:00 12-Jul-2012,,,GPE,-35.50000000,21.22043991,0,8,,0.000000,14.20,14.80,8.000000,14.20,14.80,16.000000,14.20,14.80,24.000000,14.20,14.80,32.000000,14.20,14.60,40.000000,14.20,14.40,48.000000,14.20,14.20,56.000000,14.20,14.20,,,,,,,,,,,,,,,,,,,
"Gansbaai GW2",117494,0.500000,Argos,Mk10,18:00:00 12-Jul-2012,,,GPE,-36.00000000,21.27396965,0,7,,0.000000,14.00,14.20,8.000000,14.20,14.40,16.000000,14.20,14.40,24.000000,14.20,14.40,32.000000,14.20,14.40,40.000000,14.20,14.20,48.000000,14.20,14.20,,,,,,,,,,,,,,,,,,,,,,
"Gansbaai GW2",117494,0.500000,Argos,Mk10,00:00:00 13-Jul-2012,,,GPE,-36.00000000,21.27396965,0,3,,0.000000,13.60,14.40,8.000000,13.80,14.40,16.000000,14.20,14.40,,,,,,,,,,,,,,,,,,,,,,,,,,,,,,,,,,
"Gansbaai GW2",117494,0.500000,Argos,Mk10,06:00:00 13-Jul-2012,,,GPE,-36.00000000,21.27396965,0,3,,0.000000,14.20,14.20,8.000000,14.00,14.20,16.000000,14.00,14.20,,,,,,,,,,,,,,,,,,,,,,,,,,,,,,,,,,
"Gansbaai GW2",117494,0.500000,Argos,Mk10,12:00:00 13-Jul-2012,,,GPE,-35.50000000,21.74275017,0,10,,0.000000,14.00,14.60,8.000000,14.20,14.60,16.000000,14.20,14.60,24.000000,14.10,14.65,32.000000,14.20,14.40,40.000000,14.00,14.60,48.000000,14.20,14.60,56.000000,14.20,14.65,64.000000,14.20,14.60,72.000000,14.20,14.60,,,,,,,,,,,,,
"Gansbaai GW2",117494,0.500000,Argos,Mk10,18:00:00 13-Jul-2012,,,,,,0,9,,0.000000,14.00,14.60,8.000000,14.20,14.60,16.000000,14.20,14.60,24.000000,14.20,14.60,32.000000,14.20,14.60,40.000000,14.20,14.60,48.000000,14.00,14.60,56.000000,14.05,14.55,64.000000,14.20,14.20,,,,,,,,,,,,,,,,
"Gansbaai GW2",117494,0.500000,Argos,Mk10,00:00:00 14-Jul-2012,,,,,,0,8,,0.000000,13.80,14.20,8.000000,13.80,14.20,16.000000,13.80,14.20,24.000000,14.00,14.20,32.000000,14.00,14.20,40.000000,14.00,14.20,48.000000,14.00,14.20,56.000000,14.00,14.20,,,,,,,,,,,,,,,,,,,
"Gansbaai GW2",117494,0.500000,Argos,Mk10,06:00:00 14-Jul-2012,,,,,,0,9,,0.000000,14.00,14.40,8.000000,13.80,14.40,16.000000,13.60,14.40,24.000000,13.20,14.40,32.000000,13.00,14.40,40.000000,12.60,14.40,48.000000,12.45,14.15,56.000000,12.40,14.40,64.000000,12.60,14.20,,,,,,,,,,,,,,,,
"Gansbaai GW2",117494,0.500000,Argos,Mk10,12:00:00 14-Jul-2012,,,,,,0,8,,0.000000,13.80,14.40,8.000000,13.80,14.40,16.000000,13.80,14.40,24.000000,13.80,14.40,32.000000,13.60,14.20,40.000000,13.00,14.20,48.000000,13.00,14.20,56.000000,13.00,14.20,,,,,,,,,,,,,,,,,,,
"Gansbaai GW2",117494,0.500000,Argos,Mk10,18:00:00 14-Jul-2012,,,,,,0,9,,0.000000,13.20,14.40,8.000000,13.20,14.40,16.000000,13.00,14.40,24.000000,12.60,14.40,32.000000,12.40,14.20,40.000000,12.20,14.20,48.000000,12.05,14.15,56.000000,12.00,14.20,64.000000,13.80,13.80,,,,,,,,,,,,,,,,
"Gansbaai GW2",117494,0.500000,Argos,Mk10,00:00:00 15-Jul-2012,,,,,,0,8,,0.000000,13.40,14.20,8.000000,13.60,14.20,16.000000,13.60,14.20,24.000000,13.40,14.20,32.000000,13.20,14.20,40.000000,13.20,14.20,48.000000,13.40,14.20,56.000000,13.80,14.20,,,,,,,,,,,,,,,,,,,
"Gansbaai GW2",117494,0.500000,Argos,Mk10,06:00:00 15-Jul-2012,,,,,,0,7,,0.000000,14.00,14.40,8.000000,14.20,14.20,16.000000,14.20,14.20,24.000000,14.20,14.20,32.000000,14.20,14.20,40.000000,14.20,14.20,48.000000,14.20,14.20,,,,,,,,,,,,,,,,,,,,,,
"Gansbaai GW2",117494,0.500000,Argos,Mk10,12:00:00 15-Jul-2012,,,GPE,-31.00000000,20.50840950,0,9,,0.000000,14.20,14.60,8.000000,14.00,14.60,16.000000,13.80,14.60,24.000000,13.60,14.60,32.000000,13.20,14.60,40.000000,12.60,14.60,48.000000,12.10,14.40,56.000000,12.00,14.40,64.000000,12.20,14.20,,,,,,,,,,,,,,,,
"Gansbaai GW2",117494,0.500000,Argos,Mk10,18:00:00 15-Jul-2012,,,GPE,-31.00000000,20.50840950,0,10,,0.000000,13.60,14.60,8.000000,13.40,14.40,16.000000,13.20,14.40,24.000000,12.90,14.45,32.000000,12.60,14.40,40.000000,12.20,14.40,48.000000,12.00,14.40,56.000000,11.80,14.40,64.000000,11.75,14.40,72.000000,13.60,14.40,,,,,,,,,,,,,
"Gansbaai GW2",117494,0.500000,Argos,Mk10,00:00:00 16-Jul-2012,,,GPE,-31.00000000,20.50840950,0,11,,0.000000,14.00,14.40,8.000000,13.80,14.40,16.000000,13.60,14.40,24.000000,13.10,14.40,32.000000,12.40,14.40,40.000000,11.75,14.45,48.000000,11.40,14.40,56.000000,11.40,14.40,64.000000,11.40,14.40,72.000000,12.95,14.30,80.000000,13.80,13.80,,,,,,,,,,
"Gansbaai GW2",117494,0.500000,Argos,Mk10,06:00:00 16-Jul-2012,,,GPE,-31.00000000,20.50840950,0,9,,0.000000,13.80,14.60,8.000000,13.20,14.60,16.000000,12.60,14.60,24.000000,12.00,14.60,32.000000,11.80,14.60,40.000000,11.60,14.40,48.000000,11.30,14.50,56.000000,11.20,14.60,64.000000,11.20,13.80,,,,,,,,,,,,,,,,
"Gansbaai GW2",117494,0.500000,Argos,Mk10,12:00:00 16-Jul-2012,,,GPE,-31.00000000,20.50840950,0,8,,0.000000,14.00,14.60,8.000000,14.00,14.60,16.000000,14.20,14.60,24.000000,14.00,14.60,32.000000,14.00,14.60,40.000000,13.80,14.60,48.000000,13.80,14.40,56.000000,13.80,14.40,,,,,,,,,,,,,,,,,,,
"Gansbaai GW2",117494,0.500000,Argos,Mk10,18:00:00 16-Jul-2012,,,GPE,-31.00000000,20.50840950,0,3,,0.000000,14.00,14.40,8.000000,14.00,14.40,16.000000,14.20,14.40,,,,,,,,,,,,,,,,,,,,,,,,,,,,,,,,,,
"Gansbaai GW2",117494,0.500000,Argos,Mk10,00:00:00 17-Jul-2012,,,GPE,-31.00000000,20.50840950,0,3,,0.000000,14.20,14.20,8.000000,14.20,14.40,16.000000,14.20,14.40,,,,,,,,,,,,,,,,,,,,,,,,,,,,,,,,,,
"Gansbaai GW2",117494,0.500000,Argos,Mk10,06:00:00 17-Jul-2012,,,GPE,-31.00000000,20.50840950,0,2,,8.000000,14.20,14.40,16.000000,14.20,14.40,,,,,,,,,,,,,,,,,,,,,,,,,,,,,,,,,,,,,
"Gansbaai GW2",117494,0.500000,Argos,Mk10,12:00:00 17-Jul-2012,,,GPE,-35.00000000,19.45866966,0,3,,0.000000,14.40,14.40,8.000000,14.20,14.40,16.000000,14.20,14.40,,,,,,,,,,,,,,,,,,,,,,,,,,,,,,,,,,
"Gansbaai GW2",117494,0.500000,Argos,Mk10,18:00:00 17-Jul-2012,,,GPE,-35.50000000,19.62721062,0,3,,0.000000,14.40,14.40,8.000000,14.20,14.40,16.000000,14.20,14.40,,,,,,,,,,,,,,,,,,,,,,,,,,,,,,,,,,
"Gansbaai GW2",117494,0.500000,Argos,Mk10,00:00:00 18-Jul-2012,,,GPE,-35.50000000,19.62721062,0,3,,0.000000,14.20,14.40,8.000000,14.20,14.40,16.000000,14.20,14.40,,,,,,,,,,,,,,,,,,,,,,,,,,,,,,,,,,
"Gansbaai GW2",117494,0.500000,Argos,Mk10,06:00:00 18-Jul-2012,,,GPE,-35.50000000,19.64348030,0,5,,0.000000,14.20,14.40,8.000000,14.20,14.40,16.000000,14.20,14.40,24.000000,14.20,14.40,32.000000,14.20,14.20,,,,,,,,,,,,,,,,,,,,,,,,,,,,
"Gansbaai GW2",117494,0.500000,Argos,Mk10,12:00:00 18-Jul-2012,,,GPE,-35.50000000,19.64348030,0,5,,0.000000,14.20,14.40,8.000000,14.20,14.40,16.000000,14.20,14.40,24.000000,14.20,14.40,32.000000,14.20,14.20,,,,,,,,,,,,,,,,,,,,,,,,,,,,
"Gansbaai GW2",117494,0.500000,Argos,Mk10,18:00:00 18-Jul-2012,,,GPE,-35.50000000,19.66609955,0,3,,0.000000,14.20,14.40,8.000000,14.20,14.40,16.000000,14.20,14.20,,,,,,,,,,,,,,,,,,,,,,,,,,,,,,,,,,
"Gansbaai GW2",117494,0.500000,Argos,Mk10,00:00:00 19-Jul-2012,,,GPE,-35.50000000,19.66609955,0,3,,0.000000,14.20,14.20,8.000000,14.20,14.20,16.000000,14.20,14.20,,,,,,,,,,,,,,,,,,,,,,,,,,,,,,,,,,
"Gansbaai GW2",117494,0.500000,Argos,Mk10,06:00:00 19-Jul-2012,,,GPE,-36.00000000,20.21346092,0,3,,0.000000,14.20,14.20,8.000000,14.20,14.20,16.000000,14.20,14.20,,,,,,,,,,,,,,,,,,,,,,,,,,,,,,,,,,
"Gansbaai GW2",117494,0.500000,Argos,Mk10,12:00:00 19-Jul-2012,,,GPE,-36.00000000,20.21346092,0,3,,0.000000,14.20,14.20,8.000000,14.20,14.20,16.000000,14.20,14.20,,,,,,,,,,,,,,,,,,,,,,,,,,,,,,,,,,
"Gansbaai GW2",117494,0.500000,Argos,Mk10,18:00:00 19-Jul-2012,,,GPE,-38.00000000,19.81981087,0,3,,0.000000,14.20,14.20,8.000000,14.20,14.40,16.000000,14.20,14.20,,,,,,,,,,,,,,,,,,,,,,,,,,,,,,,,,,
"Gansbaai GW2",117494,0.500000,Argos,Mk10,00:00:00 20-Jul-2012,,,GPE,-38.00000000,19.81981087,0,3,,0.000000,14.20,14.20,8.000000,14.20,14.20,16.000000,14.20,14.20,,,,,,,,,,,,,,,,,,,,,,,,,,,,,,,,,,
"Gansbaai GW2",117494,0.500000,Argos,Mk10,06:00:00 20-Jul-2012,,,GPE,-38.00000000,19.81981087,0,4,,-8.000000,14.20,14.20,0.000000,14.20,14.20,8.000000,14.20,14.20,16.000000,14.20,14.20,,,,,,,,,,,,,,,,,,,,,,,,,,,,,,,
"Gansbaai GW2",117494,0.500000,Argos,Mk10,12:00:00 20-Jul-2012,,,GPE,-38.00000000,19.81981087,0,3,,0.000000,14.20,14.20,8.000000,14.20,14.20,16.000000,14.20,14.20,,,,,,,,,,,,,,,,,,,,,,,,,,,,,,,,,,
"Gansbaai GW2",117494,0.500000,Argos,Mk10,18:00:00 20-Jul-2012,,,GPE,-35.50000000,20.29040909,0,2,,0.000000,14.20,14.20,8.000000,14.20,14.20,,,,,,,,,,,,,,,,,,,,,,,,,,,,,,,,,,,,,
"Gansbaai GW2",117494,0.500000,Argos,Mk10,00:00:00 21-Jul-2012,,,GPE,-35.50000000,20.29040909,0,4,,-8.000000,14.20,14.20,0.000000,14.20,14.20,8.000000,14.20,14.20,16.000000,14.20,14.20,,,,,,,,,,,,,,,,,,,,,,,,,,,,,,,
"Gansbaai GW2",117494,0.500000,Argos,Mk10,06:00:00 21-Jul-2012,,,GPE,-34.50000000,19.84120941,0,3,,-8.000000,14.20,14.20,0.000000,14.00,14.20,8.000000,14.00,14.20,,,,,,,,,,,,,,,,,,,,,,,,,,,,,,,,,,
"Gansbaai GW2",117494,0.500000,Argos,Mk10,12:00:00 21-Jul-2012,,,GPE,-34.50000000,19.84120941,0,3,,-8.000000,14.00,14.00,0.000000,14.00,14.20,8.000000,14.00,14.20,,,,,,,,,,,,,,,,,,,,,,,,,,,,,,,,,,
"Gansbaai GW2",117494,0.500000,Argos,Mk10,18:00:00 21-Jul-2012,,,GPE,-34.50000000,19.84120941,0,5,,-8.000000,14.00,14.40,0.000000,14.00,14.20,8.000000,14.00,14.20,16.000000,14.20,14.20,24.000000,14.20,14.20,,,,,,,,,,,,,,,,,,,,,,,,,,,,
"Gansbaai GW2",117494,0.500000,Argos,Mk10,00:00:00 22-Jul-2012,,,GPE,-34.50000000,19.84120941,0,4,,-8.000000,13.60,14.00,0.000000,13.60,14.00,8.000000,13.80,14.00,16.000000,14.00,14.00,,,,,,,,,,,,,,,,,,,,,,,,,,,,,,,
"Gansbaai GW2",117494,0.500000,Argos,Mk10,06:00:00 22-Jul-2012,,,GPE,-34.50000000,19.40354919,0,2,,-8.000000,13.60,14.00,0.000000,13.60,14.00,,,,,,,,,,,,,,,,,,,,,,,,,,,,,,,,,,,,,
"Gansbaai GW2",117494,0.500000,Argos,Mk10,12:00:00 22-Jul-2012,,,GPE,-34.50000000,19.40354919,0,3,,-8.000000,13.80,14.80,0.000000,13.80,14.80,8.000000,14.00,14.80,,,,,,,,,,,,,,,,,,,,,,,,,,,,,,,,,,
"Gansbaai GW2",117494,0.500000,Argos,Mk10,18:00:00 22-Jul-2012,,,GPE,-34.50000000,19.40354919,0,3,,-8.000000,13.60,14.60,0.000000,13.60,14.60,8.000000,13.60,13.80,,,,,,,,,,,,,,,,,,,,,,,,,,,,,,,,,,
"Gansbaai GW2",117494,0.500000,Argos,Mk10,00:00:00 23-Jul-2012,,,GPE,-34.50000000,19.40354919,0,4,,-8.000000,13.80,14.20,0.000000,13.80,14.40,8.000000,13.80,14.40,16.000000,13.80,14.40,,,,,,,,,,,,,,,,,,,,,,,,,,,,,,,
"Gansbaai GW2",117494,0.500000,Argos,Mk10,06:00:00 23-Jul-2012,,,GPE,-34.50000000,19.40354919,0,4,,-8.000000,13.40,14.40,0.000000,13.40,14.40,8.000000,13.60,14.20,16.000000,13.80,14.20,,,,,,,,,,,,,,,,,,,,,,,,,,,,,,,
"Gansbaai GW2",117494,0.500000,Argos,Mk10,12:00:00 23-Jul-2012,,,GPE,-34.50000000,19.40354919,0,2,,-8.000000,14.00,14.80,0.000000,14.00,14.80,,,,,,,,,,,,,,,,,,,,,,,,,,,,,,,,,,,,,
"Gansbaai GW2",117494,0.500000,Argos,Mk10,18:00:00 23-Jul-2012,,,GPE,-33.00000000,18.52276039,0,3,,-8.000000,14.40,15.00,0.000000,14.40,15.00,8.000000,14.60,15.00,,,,,,,,,,,,,,,,,,,,,,,,,,,,,,,,,,
"Gansbaai GW2",117494,0.500000,Argos,Mk10,00:00:00 24-Jul-2012,,,GPE,-33.00000000,18.52276039,0,7,,-8.000000,14.40,14.60,0.000000,14.20,15.00,8.000000,14.40,15.00,16.000000,14.40,15.00,24.000000,14.20,15.00,32.000000,14.20,15.00,40.000000,14.40,15.00,,,,,,,,,,,,,,,,,,,,,,
"Gansbaai GW2",117494,0.500000,Argos,Mk10,06:00:00 24-Jul-2012,,,GPE,-33.00000000,18.52276039,0,7,,0.000000,14.00,15.20,8.000000,14.40,15.20,16.000000,14.40,15.20,24.000000,14.20,15.00,32.000000,14.20,15.00,40.000000,14.20,15.00,48.000000,14.60,14.60,,,,,,,,,,,,,,,,,,,,,,
"Gansbaai GW2",117494,0.500000,Argos,Mk10,12:00:00 24-Jul-2012,,,GPE,-33.00000000,18.52276039,0,6,,0.000000,14.60,15.00,8.000000,14.60,15.00,16.000000,14.40,15.00,24.000000,14.40,15.00,32.000000,14.40,14.80,40.000000,14.40,14.80,,,,,,,,,,,,,,,,,,,,,,,,,
"Gansbaai GW2",117494,0.500000,Argos,Mk10,18:00:00 24-Jul-2012,,,GPE,-35.00000000,19.57485962,0,5,,0.000000,14.80,15.20,8.000000,14.80,15.00,16.000000,14.60,14.80,24.000000,14.40,14.80,32.000000,14.60,14.60,,,,,,,,,,,,,,,,,,,,,,,,,,,,
"Gansbaai GW2",117494,0.500000,Argos,Mk10,00:00:00 25-Jul-2012,,,GPE,-35.00000000,19.57485962,0,3,,0.000000,14.40,15.00,8.000000,14.40,14.60,16.000000,14.40,14.60,,,,,,,,,,,,,,,,,,,,,,,,,,,,,,,,,,
"Gansbaai GW2",117494,0.500000,Argos,Mk10,06:00:00 25-Jul-2012,,,GPE,-35.00000000,19.57485962,0,3,,0.000000,14.60,14.60,8.000000,14.60,14.60,16.000000,14.60,14.60,,,,,,,,,,,,,,,,,,,,,,,,,,,,,,,,,,
"Gansbaai GW2",117494,0.500000,DAP,Mk10,12:00:00 25-Jul-2012,,,GPE,-35.00000000,19.57485962,0,6,,0.000000,14.55,14.85,8.000000,14.45,14.85,16.000000,14.45,14.75,24.000000,14.50,14.70,32.000000,14.50,14.65,40.000000,14.50,14.60,,,,,,,,,,,,,,,,,,,,,,,,,
"Gansbaai GW2",117494,0.500000,DAP,Mk10,18:00:00 25-Jul-2012,,,GPE,-30.00000000,18.48070908,0,6,,0.000000,14.50,14.85,8.000000,14.45,14.85,16.000000,14.40,14.75,24.000000,14.30,14.70,32.000000,14.25,14.65,40.000000,14.30,14.50,,,,,,,,,,,,,,,,,,,,,,,,,
"Gansbaai GW2",117494,0.500000,DAP,Mk10,00:00:00 26-Jul-2012,,,GPE,-30.00000000,18.48070908,0,5,,0.000000,14.45,14.85,8.000000,14.40,14.85,16.000000,14.40,14.70,24.000000,14.40,14.65,32.000000,14.40,14.60,,,,,,,,,,,,,,,,,,,,,,,,,,,,
"Gansbaai GW2",117494,0.500000,DAP,Mk10,06:00:00 26-Jul-2012,,,GPE,-30.00000000,18.48070908,0,6,,0.000000,14.70,15.05,8.000000,14.65,15.05,16.000000,14.65,15.05,24.000000,14.60,15.05,32.000000,14.55,15.00,40.000000,14.60,14.85,,,,,,,,,,,,,,,,,,,,,,,,,
"Gansbaai GW2",117494,0.500000,DAP,Mk10,12:00:00 26-Jul-2012,,,GPE,-30.00000000,18.48070908,0,10,,0.000000,14.55,15.90,8.000000,14.50,15.85,16.000000,14.40,15.85,24.000000,14.35,15.85,32.000000,14.25,15.85,40.000000,14.05,15.80,48.000000,13.90,15.75,56.000000,13.90,15.40,64.000000,13.85,15.30,72.000000,14.10,15.20,,,,,,,,,,,,,
"Gansbaai GW2",117494,0.500000,DAP,Mk10,18:00:00 26-Jul-2012,,,GPE,-30.00000000,18.48070908,0,7,,0.000000,14.85,15.90,8.000000,14.85,15.15,16.000000,14.80,15.15,24.000000,14.75,15.15,32.000000,14.70,14.80,40.000000,14.70,15.15,48.000000,15.00,15.15,,,,,,,,,,,,,,,,,,,,,,
"Gansbaai GW2",117494,0.500000,DAP,Mk10,00:00:00 27-Jul-2012,,,GPE,-30.00000000,18.48070908,0,3,,0.000000,14.65,15.00,8.000000,14.60,15.00,16.000000,14.60,15.00,,,,,,,,,,,,,,,,,,,,,,,,,,,,,,,,,,
"Gansbaai GW2",117494,0.500000,DAP,Mk10,06:00:00 27-Jul-2012,,,GPE,-30.00000000,18.48070908,0,5,,0.000000,14.55,15.10,8.000000,14.55,15.15,16.000000,14.50,15.10,24.000000,14.45,14.90,32.000000,14.45,14.60,,,,,,,,,,,,,,,,,,,,,,,,,,,,
"Gansbaai GW2",117494,0.500000,DAP,Mk10,12:00:00 27-Jul-2012,,,GPE,-30.00000000,18.48070908,0,6,,0.000000,14.55,14.95,8.000000,14.50,15.00,16.000000,14.50,15.00,24.000000,14.45,14.95,32.000000,14.40,14.80,40.000000,14.40,14.70,,,,,,,,,,,,,,,,,,,,,,,,,
"Gansbaai GW2",117494,0.500000,DAP,Mk10,18:00:00 27-Jul-2012,,,GPE,-34.50000000,20.28759956,0,5,,0.000000,14.60,14.90,8.000000,14.50,14.95,16.000000,14.50,14.95,24.000000,14.50,14.85,32.000000,14.50,14.65,,,,,,,,,,,,,,,,,,,,,,,,,,,,
"Gansbaai GW2",117494,0.500000,DAP,Mk10,00:00:00 28-Jul-2012,,,GPE,-34.50000000,20.28759956,0,5,,0.000000,14.70,14.95,8.000000,14.65,14.95,16.000000,14.60,14.95,24.000000,14.55,14.85,32.000000,14.60,14.75,,,,,,,,,,,,,,,,,,,,,,,,,,,,
"Gansbaai GW2",117494,0.500000,DAP,Mk10,06:00:00 28-Jul-2012,,,,,,0,1,,0.000000,14.70,14.90,,,,,,,,,,,,,,,,,,,,,,,,,,,,,,,,,,,,,,,,
"Gansbaai GW2",117494,0.500000,DAP,Mk10,12:00:00 28-Jul-2012,,,,,,0,1,,0.000000,14.85,15.00,,,,,,,,,,,,,,,,,,,,,,,,,,,,,,,,,,,,,,,,
"Gansbaai GW2",117494,0.500000,DAP,Mk10,18:00:00 28-Jul-2012,,,,,,0,1,,0.000000,14.95,15.20,,,,,,,,,,,,,,,,,,,,,,,,,,,,,,,,,,,,,,,,
"Gansbaai GW2",117494,0.500000,DAP,Mk10,00:00:00 29-Jul-2012,,,,,,0,1,,0.000000,14.60,15.15,,,,,,,,,,,,,,,,,,,,,,,,,,,,,,,,,,,,,,,,
"Gansbaai GW2",117494,0.500000,DAP,Mk10,06:00:00 29-Jul-2012,,,,,,0,2,,0.000000,14.60,15.25,8.000000,16.00,21.10,,,,,,,,,,,,,,,,,,,,,,,,,,,,,,,,,,,,,
"Gansbaai GW2",117494,0.500000,DAP,Mk10,12:00:00 29-Jul-2012,,,,,,0,2,,0.000000,15.00,15.35,8.000000,17.75,20.50,,,,,,,,,,,,,,,,,,,,,,,,,,,,,,,,,,,,,
"Gansbaai GW2",117494,0.500000,DAP,Mk10,18:00:00 29-Jul-2012,,,,,,0,1,,0.000000,15.20,15.35,,,,,,,,,,,,,,,,,,,,,,,,,,,,,,,,,,,,,,,,
"Gansbaai GW2",117494,0.500000,DAP,Mk10,00:00:00 30-Jul-2012,,,,,,0,1,,0.000000,4.45,8.35,,,,,,,,,,,,,,,,,,,,,,,,,,,,,,,,,,,,,,,,
