DeployID,Ptt,DepthSensor,Source,Instr,Date,Hours,LocationQuality,Latitude,Longitude,PerCentMLTime,MLTave,MLTmin,MLTmax,MLDExtreme,SSTAve,SSTmin,SSTmax,TempMin,DepthMin,DepthMax
"Gansbaai GW2",117494,0.500000,DAP,Mk10,14:53:00 13-Apr-2012,3,,,,7.000000,16.373810,15.675001,16.775002,2.750000,16.25,16.25,16.25,13.43,-0.25,18.75
"Gansbaai GW2",117494,0.500000,DAP,Mk10,18:00:00 13-Apr-2012,6,,,,74.000000,15.270411,14.575001,16.725000,15.250000,16.00,16.00,16.00,13.48,-0.25,14.75
"Gansbaai GW2",117494,0.500000,DAP,Mk10,00:00:00 14-Apr-2012,6,,,,80.000000,15.585278,14.875001,16.025002,11.750000,15.71,15.71,15.71,13.58,-0.25,13.75
"Gansbaai GW2",117494,0.500000,DAP,Mk10,06:00:00 14-Apr-2012,6,,,,81.000000,15.927671,14.875001,16.425001,13.250000,15.74,15.74,15.74,13.08,-0.25,17.25
"Gansbaai GW2",117494,0.500000,DAP,Mk10,12:00:00 14-Apr-2012,6,,,,98.000000,15.897737,15.175001,16.325001,12.250000,15.93,15.93,15.93,14.08,-0.25,15.75
"Gansbaai GW2",117494,0.500000,DAP,Mk10,18:00:00 14-Apr-2012,6,,,,95.000000,16.095306,15.375001,17.325001,21.750000,15.59,15.59,15.59,15.38,-0.25,21.75
"Gansbaai GW2",117494,0.500000,DAP,Mk10,00:00:00 15-Apr-2012,6,,,,90.000000,16.397895,15.525001,17.075001,21.250000,16.48,16.48,16.48,13.38,-0.25,21.75
"Gansbaai GW2",117494,0.500000,DAP,Mk10,06:00:00 15-Apr-2012,6,GPE,-39.00000000,20.66913033,100.000000,15.561459,15.075001,15.825001,31.750000,15.64,15.64,15.64,15.08,-0.25,31.75
"Gansbaai GW2",117494,0.500000,DAP,Mk10,12:00:00 15-Apr-2012,6,GPE,-39.00000000,20.66913033,100.000000,15.157130,14.725000,15.625001,23.250000,15.28,15.28,15.28,14.73,-0.25,23.25
"Gansbaai GW2",117494,0.500000,DAP,Mk10,18:00:00 15-Apr-2012,6,GPE,-36.50000000,20.60540962,89.000000,15.208893,14.725000,16.575001,17.250000,15.01,15.01,15.01,14.73,-0.25,22.25
"Gansbaai GW2",117494,0.500000,DAP,Mk10,00:00:00 16-Apr-2012,6,GPE,-36.50000000,20.60540962,84.000000,17.825028,15.975000,18.675001,18.250000,17.74,17.74,17.74,15.48,-0.25,22.75
"Gansbaai GW2",117494,0.500000,DAP,Mk10,06:00:00 16-Apr-2012,6,GPE,-36.50000000,20.60540962,100.000000,18.702524,18.375000,18.925001,11.750000,,,,18.38,3.25,11.75
"Gansbaai GW2",117494,0.500000,DAP,Mk10,12:00:00 16-Apr-2012,6,GPE,-36.50000000,20.60540962,99.000000,18.872893,18.425001,19.025002,11.750000,18.95,18.95,18.95,18.18,-0.25,13.25
"Gansbaai GW2",117494,0.500000,DAP,Mk10,18:00:00 16-Apr-2012,6,GPE,-36.50000000,20.60540962,78.000000,18.684022,18.275002,19.025002,15.750000,18.69,18.69,18.69,16.68,-0.25,24.25
"Gansbaai GW2",117494,0.500000,DAP,Mk10,00:00:00 17-Apr-2012,6,GPE,-36.50000000,20.60540962,97.000000,18.567866,18.125000,18.725000,16.250000,18.64,18.64,18.64,17.83,-0.25,17.75
"Gansbaai GW2",117494,0.500000,DAP,Mk10,06:00:00 17-Apr-2012,6,GPE,-38.00000000,20.01073074,71.000000,18.506381,18.025002,18.975000,14.750000,18.75,18.75,18.75,16.88,-0.25,20.25
"Gansbaai GW2",117494,0.500000,DAP,Mk10,12:00:00 17-Apr-2012,6,GPE,-38.00000000,20.01073074,99.000000,18.537058,18.125000,18.825001,12.750000,18.79,18.79,18.79,17.98,-0.25,13.25
"Gansbaai GW2",117494,0.500000,DAP,Mk10,18:00:00 17-Apr-2012,6,GPE,-38.00000000,20.01073074,99.000000,18.625465,18.025002,18.825001,15.250000,18.69,18.69,18.69,17.83,-0.25,17.25
"Gansbaai GW2",117494,0.500000,DAP,Mk10,00:00:00 18-Apr-2012,6,GPE,-38.00000000,20.01073074,99.000000,18.624476,18.175001,18.825001,15.250000,18.72,18.72,18.72,18.03,-0.25,15.25
"Gansbaai GW2",117494,0.500000,DAP,Mk10,06:00:00 18-Apr-2012,6,GPE,-38.00000000,20.01073074,100.000000,18.734190,18.525002,18.975000,13.750000,18.84,18.84,18.84,18.53,-0.25,13.75
"Gansbaai GW2",117494,0.500000,DAP,Mk10,12:00:00 18-Apr-2012,6,GPE,-38.00000000,20.01073074,100.000000,18.864214,18.625000,18.975000,11.250000,18.88,18.88,18.88,18.63,-0.25,11.25
"Gansbaai GW2",117494,0.500000,DAP,Mk10,18:00:00 18-Apr-2012,6,GPE,-38.00000000,20.01073074,97.000000,18.643807,18.075001,18.775002,15.250000,18.66,18.66,18.66,15.18,-0.25,26.25
"Gansbaai GW2",117494,0.500000,DAP,Mk10,00:00:00 19-Apr-2012,6,GPE,-38.00000000,20.01073074,82.000000,18.610564,18.125000,18.775002,17.750000,18.69,18.69,18.69,17.18,-0.25,17.75
"Gansbaai GW2",117494,0.500000,DAP,Mk10,06:00:00 19-Apr-2012,6,GPE,-33.50000000,21.47459984,77.000000,17.912051,16.475000,18.675001,13.750000,17.50,17.50,17.50,13.78,-0.25,22.75
"Gansbaai GW2",117494,0.500000,DAP,Mk10,12:00:00 19-Apr-2012,6,GPE,-33.50000000,21.47459984,93.000000,18.577561,16.925001,18.925001,15.750000,18.66,18.66,18.66,16.88,-0.25,19.25
"Gansbaai GW2",117494,0.500000,DAP,Mk10,18:00:00 19-Apr-2012,6,GPE,-33.50000000,21.47459984,98.000000,18.754416,18.275002,18.975000,19.750000,18.79,18.79,18.79,16.83,-0.25,19.75
"Gansbaai GW2",117494,0.500000,DAP,Mk10,00:00:00 20-Apr-2012,6,GPE,-33.50000000,21.47459984,100.000000,18.671945,18.175001,18.825001,19.750000,18.66,18.66,18.66,18.18,-0.25,19.75
"Gansbaai GW2",117494,0.500000,DAP,Mk10,06:00:00 20-Apr-2012,6,GPE,-33.50000000,21.47459984,99.000000,18.568731,18.325001,18.725000,20.250000,18.59,18.59,18.59,15.08,-0.25,20.25
"Gansbaai GW2",117494,0.500000,DAP,Mk10,12:00:00 20-Apr-2012,6,GPE,-33.50000000,21.47459984,99.000000,18.594327,18.175001,18.725000,17.750000,,,,17.93,0.75,17.75
"Gansbaai GW2",117494,0.500000,DAP,Mk10,18:00:00 20-Apr-2012,6,GPE,-34.50000000,21.59774971,98.000000,18.591750,17.975000,18.825001,17.250000,18.72,18.72,18.72,15.58,-0.25,17.25
"Gansbaai GW2",117494,0.500000,DAP,Mk10,00:00:00 21-Apr-2012,6,GPE,-34.50000000,21.59774971,61.000000,18.776880,18.175001,19.075001,22.750000,18.80,18.80,18.80,15.03,-0.25,25.75
"Gansbaai GW2",117494,0.500000,DAP,Mk10,06:00:00 21-Apr-2012,6,GPE,-34.50000000,21.59774971,99.000000,18.522293,17.775002,18.675001,18.250000,18.50,18.50,18.50,17.63,-0.25,19.25
"Gansbaai GW2",117494,0.500000,DAP,Mk10,12:00:00 21-Apr-2012,6,GPE,-34.50000000,21.59774971,100.000000,18.463774,18.325001,18.825001,11.750000,18.70,18.70,18.70,18.33,-0.25,11.75
"Gansbaai GW2",117494,0.500000,DAP,Mk10,18:00:00 21-Apr-2012,6,GPE,-34.50000000,21.59774971,100.000000,18.550742,18.325001,18.775002,11.250000,18.58,18.58,18.58,18.33,-0.25,11.25
"Gansbaai GW2",117494,0.500000,DAP,Mk10,00:00:00 22-Apr-2012,6,GPE,-34.50000000,21.59774971,100.000000,18.440788,18.275002,18.675001,11.250000,18.39,18.39,18.39,18.28,-0.25,11.25
"Gansbaai GW2",117494,0.500000,DAP,Mk10,06:00:00 22-Apr-2012,6,GPE,-40.50000000,21.57592010,100.000000,18.396552,18.275002,18.575001,11.750000,18.41,18.41,18.41,18.28,-0.25,11.75
"Gansbaai GW2",117494,0.500000,DAP,Mk10,12:00:00 22-Apr-2012,6,GPE,-40.50000000,21.57592010,100.000000,18.499978,18.275002,18.775002,19.250000,18.64,18.64,18.64,18.28,-0.25,19.25
"Gansbaai GW2",117494,0.500000,DAP,Mk10,18:00:00 22-Apr-2012,6,GPE,-36.00000000,21.07825089,99.000000,18.535343,17.975000,18.675001,22.250000,18.54,18.54,18.54,17.13,-0.25,23.25
"Gansbaai GW2",117494,0.500000,DAP,Mk10,00:00:00 23-Apr-2012,6,GPE,-36.00000000,21.07825089,99.000000,18.351393,17.925001,18.525002,22.750000,18.36,18.36,18.36,17.53,-0.25,22.75
"Gansbaai GW2",117494,0.500000,DAP,Mk10,06:00:00 23-Apr-2012,6,GPE,-36.00000000,21.07825089,100.000000,18.495418,18.225000,18.625000,16.750000,18.56,18.56,18.56,18.23,-0.25,16.75
"Gansbaai GW2",117494,0.500000,DAP,Mk10,12:00:00 23-Apr-2012,6,GPE,-36.00000000,21.07825089,100.000000,18.507871,18.275002,18.775002,26.750000,,,,18.28,0.25,26.75
"Gansbaai GW2",117494,0.500000,DAP,Mk10,18:00:00 23-Apr-2012,6,GPE,-36.00000000,21.07825089,100.000000,18.754191,18.675001,18.825001,24.250000,,,,18.68,8.75,24.25
"Gansbaai GW2",117494,0.500000,DAP,Mk10,00:00:00 24-Apr-2012,6,GPE,-36.00000000,21.07825089,100.000000,18.628241,18.475000,18.775002,24.750000,,,,18.48,9.25,24.75
"Gansbaai GW2",117494,0.500000,DAP,Mk10,06:00:00 24-Apr-2012,6,GPE,-36.00000000,21.07825089,100.000000,18.489862,18.325001,18.675001,25.250000,,,,18.33,18.25,25.25
"Gansbaai GW2",117494,0.500000,DAP,Mk10,12:00:00 24-Apr-2012,6,GPE,-36.00000000,21.07825089,99.000000,18.368528,18.025002,18.575001,24.750000,18.41,18.41,18.41,16.08,-0.25,24.75
"Gansbaai GW2",117494,0.500000,DAP,Mk10,18:00:00 24-Apr-2012,6,GPE,-36.00000000,20.96845055,99.000000,18.281387,11.575001,18.625000,44.250000,18.32,18.32,18.32,11.58,-0.25,44.25
"Gansbaai GW2",117494,0.500000,DAP,Mk10,00:00:00 25-Apr-2012,6,GPE,-36.00000000,20.96845055,100.000000,18.022061,17.825001,18.375000,21.750000,18.07,18.07,18.07,17.83,-0.25,21.75
"Gansbaai GW2",117494,0.500000,DAP,Mk10,06:00:00 25-Apr-2012,6,GPE,-32.50000000,21.38941956,100.000000,17.957223,17.875000,18.075001,12.750000,17.97,17.97,17.97,17.88,-0.25,12.75
"Gansbaai GW2",117494,0.500000,DAP,Mk10,12:00:00 25-Apr-2012,6,GPE,-32.50000000,21.38941956,99.000000,17.975152,16.925001,18.075001,11.250000,17.95,17.95,17.95,15.53,-0.25,11.25
"Gansbaai GW2",117494,0.500000,DAP,Mk10,18:00:00 25-Apr-2012,6,GPE,-37.50000000,22.05205917,90.000000,17.544142,16.725000,17.925001,16.250000,17.56,17.56,17.56,12.18,-0.25,19.75
"Gansbaai GW2",117494,0.500000,DAP,Mk10,00:00:00 26-Apr-2012,6,GPE,-37.50000000,22.05205917,57.000000,16.936533,16.425001,17.425001,14.750000,17.18,17.18,17.18,12.33,-0.25,18.75
"Gansbaai GW2",117494,0.500000,DAP,Mk10,06:00:00 26-Apr-2012,6,GPE,-35.50000000,21.22879982,35.000000,17.035073,16.175001,17.825001,14.250000,17.22,17.22,17.22,12.18,-0.25,25.25
"Gansbaai GW2",117494,0.500000,DAP,Mk10,12:00:00 26-Apr-2012,6,GPE,-35.50000000,21.22879982,57.000000,17.764309,16.225000,18.325001,7.750000,17.82,17.82,17.82,14.68,-0.25,14.75
"Gansbaai GW2",117494,0.500000,DAP,Mk10,18:00:00 26-Apr-2012,6,GPE,-35.50000000,21.22879982,71.000000,18.206674,17.525002,18.325001,21.750000,18.24,18.24,18.24,11.28,-0.25,44.75
"Gansbaai GW2",117494,0.500000,DAP,Mk10,00:00:00 27-Apr-2012,6,GPE,-35.50000000,21.22879982,31.000000,16.795595,16.525002,18.175001,14.250000,17.05,17.05,17.05,12.83,-0.25,21.25
"Gansbaai GW2",117494,0.500000,DAP,Mk10,06:00:00 27-Apr-2012,6,GPE,-35.50000000,21.22879982,79.000000,16.440804,15.375001,17.925001,9.750000,16.78,16.78,16.78,15.08,-0.25,16.75
"Gansbaai GW2",117494,0.500000,DAP,Mk10,12:00:00 27-Apr-2012,6,GPE,-35.50000000,21.22879982,97.000000,16.992125,16.275002,17.625000,13.250000,,,,16.03,1.75,13.25
"Gansbaai GW2",117494,0.500000,DAP,Mk10,18:00:00 27-Apr-2012,6,GPE,-35.50000000,21.22879982,73.000000,17.182182,16.725000,17.575001,11.750000,17.30,17.30,17.30,16.28,-0.25,11.75
"Gansbaai GW2",117494,0.500000,DAP,Mk10,00:00:00 28-Apr-2012,6,GPE,-35.50000000,21.22879982,97.000000,17.143453,16.825001,17.575001,9.250000,17.29,17.29,17.29,16.68,-0.25,9.25
"Gansbaai GW2",117494,0.500000,DAP,Mk10,06:00:00 28-Apr-2012,6,GPE,-35.00000000,21.59543037,70.000000,17.054519,16.475000,17.325001,11.750000,17.00,17.00,17.00,16.13,-0.25,11.75
"Gansbaai GW2",117494,0.500000,DAP,Mk10,12:00:00 28-Apr-2012,6,GPE,-35.00000000,21.59543037,73.000000,17.261186,16.775002,17.875000,10.750000,,,,16.78,2.25,11.75
"Gansbaai GW2",117494,0.500000,DAP,Mk10,18:00:00 28-Apr-2012,6,GPE,-35.00000000,21.59543037,86.000000,17.269323,16.775002,18.025002,11.750000,17.68,17.68,17.68,16.13,-0.25,9.75
"Gansbaai GW2",117494,0.500000,DAP,Mk10,00:00:00 29-Apr-2012,6,GPE,-35.00000000,21.59543037,37.000000,17.305876,17.025002,17.775002,10.250000,17.62,17.62,17.62,16.38,-0.25,10.25
"Gansbaai GW2",117494,0.500000,DAP,Mk10,06:00:00 29-Apr-2012,6,GPE,-35.00000000,21.59543037,100.000000,17.349167,17.075001,17.775002,9.750000,17.64,17.64,17.64,16.73,-0.25,9.75
"Gansbaai GW2",117494,0.500000,DAP,Mk10,12:00:00 29-Apr-2012,6,GPE,-35.00000000,21.59543037,100.000000,17.418704,17.025002,17.825001,9.250000,17.58,17.58,17.58,17.03,-0.25,9.25
"Gansbaai GW2",117494,0.500000,DAP,Mk10,18:00:00 29-Apr-2012,6,GPE,-34.50000000,21.37100029,99.000000,17.683938,16.975000,17.975000,12.750000,17.78,17.78,17.78,16.53,-0.25,12.75
"Gansbaai GW2",117494,0.500000,DAP,Mk10,00:00:00 30-Apr-2012,6,GPE,-34.50000000,21.37100029,99.000000,17.716776,17.175001,17.925001,9.750000,17.74,17.74,17.74,16.48,-0.25,11.25
"Gansbaai GW2",117494,0.500000,DAP,Mk10,06:00:00 30-Apr-2012,6,GPE,-37.50000000,21.43330002,100.000000,17.760001,17.425001,18.025002,7.750000,17.79,17.79,17.79,17.43,-0.25,7.75
"Gansbaai GW2",117494,0.500000,DAP,Mk10,12:00:00 30-Apr-2012,6,GPE,-37.50000000,21.43330002,99.000000,17.799121,17.225000,17.925001,13.750000,17.69,17.69,17.69,17.03,-0.25,13.75
"Gansbaai GW2",117494,0.500000,DAP,Mk10,18:00:00 30-Apr-2012,6,GPE,-37.50000000,21.43330002,96.000000,17.205295,16.225000,17.725000,16.750000,17.59,17.59,17.59,15.03,-0.25,16.75
"Gansbaai GW2",117494,0.500000,DAP,Mk10,00:00:00 01-May-2012,6,GPE,-37.50000000,21.43330002,100.000000,16.971228,16.725000,17.475000,17.750000,17.35,17.35,17.35,16.73,-0.25,17.75
"Gansbaai GW2",117494,0.500000,DAP,Mk10,06:00:00 01-May-2012,6,GPE,-34.50000000,21.05373001,99.000000,17.117118,16.675001,17.525002,17.250000,17.37,17.37,17.37,16.48,-0.25,18.25
"Gansbaai GW2",117494,0.500000,DAP,Mk10,12:00:00 01-May-2012,6,GPE,-34.50000000,21.05373001,81.000000,17.330206,16.875000,17.875000,20.750000,17.38,17.38,17.38,15.53,-0.25,23.25
"Gansbaai GW2",117494,0.500000,DAP,Mk10,18:00:00 01-May-2012,6,GPE,-34.50000000,21.05373001,89.000000,17.412922,17.025002,18.175001,21.750000,17.80,17.80,17.80,16.33,-0.25,25.75
"Gansbaai GW2",117494,0.500000,DAP,Mk10,00:00:00 02-May-2012,6,GPE,-34.50000000,21.05373001,100.000000,17.427616,17.175001,17.525002,21.750000,17.41,17.41,17.41,17.18,-0.25,21.75
"Gansbaai GW2",117494,0.500000,DAP,Mk10,06:00:00 02-May-2012,6,GPE,-34.50000000,21.05373001,100.000000,17.397755,17.175001,17.675001,17.250000,17.50,17.50,17.50,17.18,-0.25,17.25
"Gansbaai GW2",117494,0.500000,DAP,Mk10,12:00:00 02-May-2012,6,GPE,-34.50000000,21.05373001,100.000000,17.527408,17.375000,17.625000,20.250000,17.55,17.55,17.55,17.38,-0.25,20.25
"Gansbaai GW2",117494,0.500000,DAP,Mk10,18:00:00 02-May-2012,6,GPE,-34.50000000,21.05373001,100.000000,17.386876,17.225000,17.575001,19.750000,,,,17.23,0.25,19.75
"Gansbaai GW2",117494,0.500000,DAP,Mk10,00:00:00 03-May-2012,6,GPE,-34.50000000,21.05373001,100.000000,17.433473,17.225000,17.625000,15.750000,17.50,17.50,17.50,17.23,-0.25,15.75
"Gansbaai GW2",117494,0.500000,DAP,Mk10,06:00:00 03-May-2012,6,GPE,-38.50000000,19.48810005,100.000000,17.438913,17.275002,17.575001,20.250000,17.45,17.45,17.45,17.28,-0.25,20.25
"Gansbaai GW2",117494,0.500000,DAP,Mk10,12:00:00 03-May-2012,6,GPE,-38.50000000,19.48810005,100.000000,17.596783,17.425001,17.825001,23.250000,,,,17.43,4.25,23.25
"Gansbaai GW2",117494,0.500000,DAP,Mk10,18:00:00 03-May-2012,6,GPE,-39.00000000,19.08423042,100.000000,17.776413,17.625000,17.875000,21.750000,,,,17.63,7.75,21.75
"Gansbaai GW2",117494,0.500000,DAP,Mk10,00:00:00 04-May-2012,6,GPE,-39.00000000,19.08423042,100.000000,17.783057,17.675001,17.975000,19.750000,17.83,17.83,17.83,17.68,-0.25,19.75
"Gansbaai GW2",117494,0.500000,DAP,Mk10,06:00:00 04-May-2012,6,GPE,-25.50000000,22.57908058,100.000000,17.871876,17.725000,17.975000,25.750000,17.92,17.92,17.92,17.73,-0.25,25.75
"Gansbaai GW2",117494,0.500000,DAP,Mk10,12:00:00 04-May-2012,6,GPE,-25.50000000,22.57908058,100.000000,17.845556,17.575001,18.025002,26.250000,17.88,17.88,17.88,17.58,-0.25,26.25
"Gansbaai GW2",117494,0.500000,DAP,Mk10,18:00:00 04-May-2012,6,GPE,-34.00000000,23.27906036,97.000000,17.813962,17.275002,18.025002,34.250000,17.88,17.88,17.88,16.98,-0.25,34.25
"Gansbaai GW2",117494,0.500000,DAP,Mk10,00:00:00 05-May-2012,6,GPE,-34.00000000,23.27906036,100.000000,17.761644,17.375000,17.975000,31.250000,17.81,17.81,17.81,17.38,-0.25,31.25
"Gansbaai GW2",117494,0.500000,DAP,Mk10,06:00:00 05-May-2012,6,GPE,-38.50000000,21.68000031,100.000000,17.794677,17.275002,18.175001,26.250000,17.79,17.79,17.79,17.28,-0.25,26.25
"Gansbaai GW2",117494,0.500000,DAP,Mk10,12:00:00 05-May-2012,6,GPE,-38.50000000,21.68000031,98.000000,17.807123,16.975000,18.225000,26.750000,17.76,17.76,17.76,16.98,-0.25,26.75
"Gansbaai GW2",117494,0.500000,DAP,Mk10,18:00:00 05-May-2012,6,GPE,-37.50000000,21.76964951,100.000000,17.897802,17.575001,18.075001,21.250000,17.87,17.87,17.87,17.58,-0.25,21.25
"Gansbaai GW2",117494,0.500000,DAP,Mk10,00:00:00 06-May-2012,6,GPE,-37.50000000,21.76964951,100.000000,18.018890,17.825001,18.125000,28.750000,17.92,17.92,17.92,17.83,-0.25,28.75
"Gansbaai GW2",117494,0.500000,DAP,Mk10,06:00:00 06-May-2012,6,GPE,-37.50000000,21.59754944,100.000000,18.059654,17.775002,18.275002,27.750000,18.05,18.05,18.05,17.78,-0.25,27.75
"Gansbaai GW2",117494,0.500000,DAP,Mk10,12:00:00 06-May-2012,6,GPE,-37.50000000,21.59754944,99.000000,18.017957,17.575001,18.225000,25.750000,18.01,18.01,18.01,17.58,-0.25,25.75
"Gansbaai GW2",117494,0.500000,DAP,Mk10,18:00:00 06-May-2012,6,GPE,-36.00000000,21.41419029,100.000000,18.007570,17.825001,18.275002,25.250000,18.04,18.04,18.04,17.83,-0.25,25.25
"Gansbaai GW2",117494,0.500000,DAP,Mk10,00:00:00 07-May-2012,6,GPE,-36.00000000,21.41419029,100.000000,17.898334,17.725000,18.025002,15.250000,17.88,17.88,17.88,17.73,-0.25,15.25
"Gansbaai GW2",117494,0.500000,DAP,Mk10,06:00:00 07-May-2012,6,GPE,-35.00000000,21.48094940,100.000000,17.882107,17.625000,18.225000,18.250000,17.90,17.90,17.90,17.63,-0.25,18.25
"Gansbaai GW2",117494,0.500000,DAP,Mk10,12:00:00 07-May-2012,6,GPE,-35.00000000,21.48094940,100.000000,18.073427,17.675001,18.275002,34.250000,18.18,18.18,18.18,17.68,-0.25,34.25
"Gansbaai GW2",117494,0.500000,DAP,Mk10,18:00:00 07-May-2012,6,GPE,-35.50000000,20.94907951,100.000000,18.037154,17.825001,18.175001,33.750000,18.07,18.07,18.07,17.83,-0.25,33.75
"Gansbaai GW2",117494,0.500000,DAP,Mk10,00:00:00 08-May-2012,6,GPE,-35.50000000,20.94907951,100.000000,18.055580,17.975000,18.175001,18.750000,18.06,18.06,18.06,17.98,-0.25,18.75
"Gansbaai GW2",117494,0.500000,DAP,Mk10,06:00:00 08-May-2012,6,GPE,-36.00000000,20.72296906,100.000000,18.124700,18.025002,18.375000,17.750000,18.31,18.31,18.31,18.03,-0.25,17.75
"Gansbaai GW2",117494,0.500000,DAP,Mk10,12:00:00 08-May-2012,6,GPE,-36.00000000,20.72296906,100.000000,18.223010,17.875000,18.525002,24.250000,18.38,18.38,18.38,17.88,-0.25,24.25
"Gansbaai GW2",117494,0.500000,DAP,Mk10,18:00:00 08-May-2012,6,GPE,-35.00000000,21.24860001,100.000000,18.086389,17.975000,18.175001,22.250000,18.06,18.06,18.06,17.98,-0.25,22.25
"Gansbaai GW2",117494,0.500000,DAP,Mk10,00:00:00 09-May-2012,6,GPE,-35.00000000,21.24860001,100.000000,18.023820,17.925001,18.125000,18.750000,18.03,18.03,18.03,17.93,-0.25,18.75
"Gansbaai GW2",117494,0.500000,DAP,Mk10,06:00:00 09-May-2012,6,GPE,-36.50000000,20.69982910,100.000000,18.022640,17.925001,18.225000,10.250000,18.11,18.11,18.11,17.93,-0.25,10.25
"Gansbaai GW2",117494,0.500000,DAP,Mk10,12:00:00 09-May-2012,6,GPE,-36.50000000,20.69982910,100.000000,18.094839,18.025002,18.175001,16.750000,18.05,18.05,18.05,18.03,-0.25,16.75
"Gansbaai GW2",117494,0.500000,DAP,Mk10,18:00:00 09-May-2012,6,GPE,-36.00000000,20.71799088,100.000000,18.040371,17.925001,18.125000,23.250000,18.02,18.02,18.02,17.93,-0.25,23.25
"Gansbaai GW2",117494,0.500000,DAP,Mk10,00:00:00 10-May-2012,6,GPE,-36.00000000,20.71799088,100.000000,17.985348,17.875000,18.075001,18.750000,18.01,18.01,18.01,17.88,-0.25,18.75
"Gansbaai GW2",117494,0.500000,DAP,Mk10,06:00:00 10-May-2012,6,GPE,-36.50000000,20.32125092,100.000000,17.941228,17.825001,18.075001,22.750000,17.99,17.99,17.99,17.83,-0.25,22.75
"Gansbaai GW2",117494,0.500000,DAP,Mk10,12:00:00 10-May-2012,6,GPE,-36.50000000,20.32125092,100.000000,17.776922,17.575001,18.075001,13.750000,17.77,17.77,17.77,17.58,-0.25,13.75
"Gansbaai GW2",117494,0.500000,DAP,Mk10,18:00:00 10-May-2012,6,GPE,-36.50000000,20.34917068,100.000000,17.606760,17.275002,17.825001,10.250000,17.60,17.60,17.60,17.28,-0.25,10.25
"Gansbaai GW2",117494,0.500000,DAP,Mk10,00:00:00 11-May-2012,6,GPE,-36.50000000,20.34917068,100.000000,17.243681,16.775002,17.575001,17.250000,17.34,17.34,17.34,16.78,-0.25,17.25
"Gansbaai GW2",117494,0.500000,DAP,Mk10,06:00:00 11-May-2012,6,GPE,-36.00000000,20.22205925,100.000000,16.769168,16.275002,16.925001,32.250000,16.76,16.76,16.76,16.28,-0.25,32.25
"Gansbaai GW2",117494,0.500000,DAP,Mk10,12:00:00 11-May-2012,6,GPE,-36.00000000,20.22205925,76.000000,16.508369,15.825001,16.825001,18.250000,16.61,16.61,16.61,14.53,-0.25,24.25
"Gansbaai GW2",117494,0.500000,DAP,Mk10,18:00:00 11-May-2012,6,GPE,-36.50000000,20.24224091,84.000000,16.245711,15.625001,16.675001,17.750000,16.51,16.51,16.51,14.13,-0.25,26.25
"Gansbaai GW2",117494,0.500000,DAP,Mk10,00:00:00 12-May-2012,6,GPE,-36.50000000,20.24224091,95.000000,16.071165,15.525001,16.675001,20.750000,16.27,16.27,16.27,14.68,-0.25,24.25
"Gansbaai GW2",117494,0.500000,DAP,Mk10,06:00:00 12-May-2012,6,GPE,-38.00000000,20.03807068,89.000000,16.100468,15.525001,16.525002,21.750000,16.25,16.25,16.25,14.13,-0.25,32.75
"Gansbaai GW2",117494,0.500000,DAP,Mk10,12:00:00 12-May-2012,6,GPE,-38.00000000,20.03807068,99.000000,16.430438,15.775001,16.775002,19.750000,16.50,16.50,16.50,15.58,-0.25,21.25
"Gansbaai GW2",117494,0.500000,DAP,Mk10,18:00:00 12-May-2012,6,GPE,-37.50000000,19.73862076,91.000000,16.172144,15.675001,16.475000,17.750000,16.36,16.36,16.36,15.28,-0.25,22.25
"Gansbaai GW2",117494,0.500000,DAP,Mk10,00:00:00 13-May-2012,6,GPE,-37.50000000,19.73862076,70.000000,16.275017,15.825001,16.475000,23.750000,16.33,16.33,16.33,13.58,-0.25,45.25
"Gansbaai GW2",117494,0.500000,DAP,Mk10,06:00:00 13-May-2012,6,GPE,-36.00000000,20.10704994,84.000000,16.146965,15.675001,16.475000,23.250000,16.22,16.22,16.22,14.73,-0.25,27.25
"Gansbaai GW2",117494,0.500000,DAP,Mk10,12:00:00 13-May-2012,6,GPE,-36.00000000,20.10704994,93.000000,16.406365,15.675001,16.625000,20.750000,16.49,16.49,16.49,14.53,-0.25,28.25
"Gansbaai GW2",117494,0.500000,DAP,Mk10,18:00:00 13-May-2012,6,GPE,-35.50000000,19.68571091,98.000000,16.340822,15.825001,16.525002,18.250000,16.36,16.36,16.36,15.38,-0.25,18.25
"Gansbaai GW2",117494,0.500000,DAP,Mk10,00:00:00 14-May-2012,6,GPE,-35.50000000,19.68571091,98.000000,15.883185,15.225000,16.325001,13.750000,16.02,16.02,16.02,15.13,-0.25,13.75
"Gansbaai GW2",117494,0.500000,DAP,Mk10,06:00:00 14-May-2012,6,GPE,-35.50000000,19.68571091,99.000000,16.160515,15.675001,16.475000,5.750000,16.16,16.16,16.16,15.53,-0.25,5.75
"Gansbaai GW2",117494,0.500000,DAP,Mk10,12:00:00 14-May-2012,6,GPE,-35.50000000,19.68571091,100.000000,16.135417,15.775001,16.525002,6.750000,16.11,16.11,16.11,15.78,-0.25,6.75
"Gansbaai GW2",117494,0.500000,DAP,Mk10,18:00:00 14-May-2012,6,GPE,-35.50000000,19.68571091,88.000000,15.781897,15.175001,16.175001,16.250000,15.77,15.77,15.77,13.08,-0.25,27.75
"Gansbaai GW2",117494,0.500000,DAP,Mk10,00:00:00 15-May-2012,6,GPE,-35.50000000,19.68571091,96.000000,15.195140,14.675001,15.825001,20.750000,15.31,15.31,15.31,13.83,-0.25,20.75
"Gansbaai GW2",117494,0.500000,DAP,Mk10,06:00:00 15-May-2012,6,GPE,-38.50000000,18.36222076,86.000000,15.487064,14.875001,16.025002,16.750000,15.52,15.52,15.52,14.63,-0.25,18.25
"Gansbaai GW2",117494,0.500000,DAP,Mk10,12:00:00 15-May-2012,6,GPE,-38.50000000,18.36222076,100.000000,15.156829,14.775001,16.025002,16.750000,15.50,15.50,15.50,14.78,-0.25,16.75
"Gansbaai GW2",117494,0.500000,DAP,Mk10,18:00:00 15-May-2012,6,GPE,-38.00000000,18.25587082,100.000000,15.403473,14.925001,15.725000,11.750000,15.47,15.47,15.47,14.93,-0.25,11.75
"Gansbaai GW2",117494,0.500000,DAP,Mk10,00:00:00 16-May-2012,6,GPE,-38.00000000,18.25587082,100.000000,15.252200,14.975000,15.475000,7.750000,15.27,15.27,15.27,14.98,-0.25,7.75
"Gansbaai GW2",117494,0.500000,DAP,Mk10,06:00:00 16-May-2012,6,GPE,-36.00000000,18.64096069,100.000000,15.346899,15.075001,15.775001,4.750000,15.34,15.34,15.34,15.08,-0.25,4.75
"Gansbaai GW2",117494,0.500000,DAP,Mk10,12:00:00 16-May-2012,6,GPE,-36.00000000,18.64096069,100.000000,15.781343,15.325001,16.225000,3.750000,15.80,15.80,15.80,15.33,-0.25,3.75
"Gansbaai GW2",117494,0.500000,DAP,Mk10,18:00:00 16-May-2012,6,GPE,-37.00000000,19.24430084,100.000000,15.658866,15.125001,15.975000,7.750000,15.68,15.68,15.68,15.13,-0.25,7.75
"Gansbaai GW2",117494,0.500000,DAP,Mk10,00:00:00 17-May-2012,6,GPE,-37.00000000,19.24430084,83.000000,15.309180,14.775001,15.775001,13.750000,15.40,15.40,15.40,13.63,-0.25,19.25
"Gansbaai GW2",117494,0.500000,DAP,Mk10,06:00:00 17-May-2012,6,GPE,-36.50000000,19.34720993,94.000000,15.590284,14.775001,16.125000,23.750000,15.43,15.43,15.43,14.43,-0.25,23.75
"Gansbaai GW2",117494,0.500000,DAP,Mk10,12:00:00 17-May-2012,6,GPE,-36.50000000,19.34720993,100.000000,15.703681,15.425001,16.025002,22.750000,15.53,15.53,15.53,15.43,-0.25,22.75
"Gansbaai GW2",117494,0.500000,DAP,Mk10,18:00:00 17-May-2012,6,GPE,-37.00000000,19.73269081,99.000000,15.708528,15.275001,16.275002,26.750000,,,,15.28,2.25,26.75
"Gansbaai GW2",117494,0.500000,DAP,Mk10,00:00:00 18-May-2012,6,GPE,-37.00000000,19.73269081,100.000000,15.757130,15.425001,16.275002,25.250000,16.15,16.15,16.15,15.43,-0.25,25.25
"Gansbaai GW2",117494,0.500000,DAP,Mk10,06:00:00 18-May-2012,6,GPE,-36.50000000,19.82300949,100.000000,15.729422,15.475000,16.225000,22.750000,,,,15.48,3.75,22.75
"Gansbaai GW2",117494,0.500000,DAP,Mk10,12:00:00 18-May-2012,6,GPE,-36.50000000,19.82300949,100.000000,15.802964,15.525001,16.025002,24.250000,,,,15.53,5.25,24.25
"Gansbaai GW2",117494,0.500000,DAP,Mk10,18:00:00 18-May-2012,6,GPE,-35.00000000,19.20181084,100.000000,15.671529,15.275001,16.025002,23.250000,15.60,15.60,15.60,15.28,-0.25,23.25
"Gansbaai GW2",117494,0.500000,DAP,Mk10,00:00:00 19-May-2012,6,GPE,-35.00000000,19.20181084,100.000000,15.548635,15.175001,15.925001,32.750000,,,,15.18,3.25,32.75
"Gansbaai GW2",117494,0.500000,DAP,Mk10,06:00:00 19-May-2012,6,GPE,-36.50000000,17.69219017,100.000000,15.784237,15.475000,15.925001,33.250000,,,,15.48,5.75,33.25
"Gansbaai GW2",117494,0.500000,DAP,Mk10,12:00:00 19-May-2012,6,GPE,-36.50000000,17.69219017,100.000000,15.741922,15.475000,15.875001,32.250000,,,,15.48,8.75,32.25
"Gansbaai GW2",117494,0.500000,DAP,Mk10,18:00:00 19-May-2012,6,GPE,-36.50000000,17.69219017,100.000000,15.737640,15.575001,15.875001,32.750000,15.73,15.73,15.73,15.58,-0.25,32.75
"Gansbaai GW2",117494,0.500000,DAP,Mk10,00:00:00 20-May-2012,6,GPE,-36.50000000,17.69219017,83.000000,15.806080,15.375001,16.325001,33.750000,,,,14.38,6.75,34.25
"Gansbaai GW2",117494,0.500000,DAP,Mk10,06:00:00 20-May-2012,6,GPE,-36.50000000,17.69219017,100.000000,15.502941,15.225000,15.975000,30.250000,,,,15.23,6.75,30.25
"Gansbaai GW2",117494,0.500000,DAP,Mk10,12:00:00 20-May-2012,6,GPE,-36.50000000,17.69219017,100.000000,16.357570,15.625001,16.725000,35.750000,,,,15.63,0.75,35.75
"Gansbaai GW2",117494,0.500000,DAP,Mk10,18:00:00 20-May-2012,6,GPE,-33.00000000,21.30227089,100.000000,16.496598,16.175001,16.675001,40.250000,16.55,16.55,16.55,16.18,-0.25,40.25
"Gansbaai GW2",117494,0.500000,DAP,Mk10,00:00:00 21-May-2012,6,GPE,-33.00000000,21.30227089,100.000000,16.166251,15.875001,16.725000,32.250000,,,,15.88,0.75,32.25
"Gansbaai GW2",117494,0.500000,DAP,Mk10,06:00:00 21-May-2012,6,GPE,-33.00000000,21.30227089,100.000000,16.856714,16.575001,17.325001,30.250000,,,,16.58,10.25,30.25
"Gansbaai GW2",117494,0.500000,DAP,Mk10,12:00:00 21-May-2012,6,GPE,-33.00000000,21.30227089,99.000000,16.931222,16.425001,17.375000,36.250000,17.32,17.32,17.32,16.43,-0.25,36.25
"Gansbaai GW2",117494,0.500000,DAP,Mk10,18:00:00 21-May-2012,6,GPE,-33.00000000,21.30227089,100.000000,16.979607,16.575001,17.175001,30.750000,17.10,17.10,17.10,16.58,-0.25,30.75
"Gansbaai GW2",117494,0.500000,DAP,Mk10,00:00:00 22-May-2012,6,GPE,-33.00000000,21.30227089,100.000000,17.142200,17.075001,17.225000,28.250000,,,,17.08,8.75,28.25
"Gansbaai GW2",117494,0.500000,DAP,Mk10,06:00:00 22-May-2012,6,GPE,-33.50000000,20.83762932,100.000000,17.051320,16.975000,17.175001,21.750000,17.02,17.02,17.02,16.98,-0.25,21.75
"Gansbaai GW2",117494,0.500000,DAP,Mk10,12:00:00 22-May-2012,6,GPE,-33.50000000,20.83762932,100.000000,17.009584,16.975000,17.075001,22.250000,,,,16.98,16.25,22.25
"Gansbaai GW2",117494,0.500000,DAP,Mk10,18:00:00 22-May-2012,6,GPE,-34.00000000,21.22929955,100.000000,17.005788,16.975000,17.075001,21.750000,,,,16.98,13.25,21.75
"Gansbaai GW2",117494,0.500000,DAP,Mk10,00:00:00 23-May-2012,6,GPE,-34.00000000,21.22929955,100.000000,16.991737,16.925001,17.025002,22.250000,,,,16.93,13.75,22.25
"Gansbaai GW2",117494,0.500000,DAP,Mk10,06:00:00 23-May-2012,6,GPE,-35.00000000,20.59263039,100.000000,16.945556,16.825001,17.025002,19.250000,,,,16.83,9.75,19.25
"Gansbaai GW2",117494,0.500000,DAP,Mk10,12:00:00 23-May-2012,6,GPE,-35.00000000,20.59263039,100.000000,16.952593,16.875000,17.025002,20.750000,,,,16.88,13.75,20.75
"Gansbaai GW2",117494,0.500000,DAP,Mk10,18:00:00 23-May-2012,6,GPE,-34.50000000,20.44938087,100.000000,16.945186,16.875000,16.975000,19.750000,16.95,16.95,16.95,16.88,-0.25,19.75
"Gansbaai GW2",117494,0.500000,DAP,Mk10,00:00:00 24-May-2012,6,GPE,-34.50000000,20.44938087,100.000000,16.885950,16.675001,16.975000,20.750000,,,,16.68,11.75,20.75
"Gansbaai GW2",117494,0.500000,DAP,Mk10,06:00:00 24-May-2012,6,GPE,-34.00000000,20.59202957,100.000000,16.850255,16.825001,16.925001,20.250000,,,,16.83,11.75,20.25
"Gansbaai GW2",117494,0.500000,DAP,Mk10,12:00:00 24-May-2012,6,GPE,-34.00000000,20.59202957,100.000000,16.850000,16.825001,16.875000,19.750000,,,,16.83,8.75,19.75
"Gansbaai GW2",117494,0.500000,DAP,Mk10,18:00:00 24-May-2012,6,GPE,-34.50000000,20.66157913,100.000000,16.924075,16.825001,17.025002,18.750000,,,,16.83,11.25,18.75
"Gansbaai GW2",117494,0.500000,DAP,Mk10,00:00:00 25-May-2012,6,GPE,-34.50000000,20.66157913,100.000000,16.896019,16.775002,17.025002,20.750000,,,,16.78,4.25,20.75
"Gansbaai GW2",117494,0.500000,DAP,Mk10,06:00:00 25-May-2012,6,GPE,-34.00000000,20.79289055,100.000000,16.840626,16.775002,16.975000,19.250000,,,,16.78,11.75,19.25
"Gansbaai GW2",117494,0.500000,DAP,Mk10,12:00:00 25-May-2012,6,GPE,-34.00000000,20.79289055,100.000000,16.763404,16.575001,16.825001,20.250000,,,,16.58,13.75,20.25
"Gansbaai GW2",117494,0.500000,DAP,Mk10,18:00:00 25-May-2012,6,GPE,-34.50000000,20.77124977,100.000000,16.696274,16.625000,16.775002,18.750000,,,,16.63,9.75,18.75
"Gansbaai GW2",117494,0.500000,DAP,Mk10,00:00:00 26-May-2012,6,GPE,-34.50000000,20.77124977,100.000000,16.693265,16.475000,16.825001,19.750000,,,,16.48,11.75,19.75
"Gansbaai GW2",117494,0.500000,DAP,Mk10,06:00:00 26-May-2012,6,GPE,-34.00000000,20.81517982,100.000000,16.769885,16.575001,16.875000,17.250000,16.85,16.85,16.85,16.58,-0.25,17.25
"Gansbaai GW2",117494,0.500000,DAP,Mk10,12:00:00 26-May-2012,6,GPE,-34.00000000,20.81517982,100.000000,16.755834,16.475000,16.925001,15.250000,,,,16.48,4.75,15.25
"Gansbaai GW2",117494,0.500000,DAP,Mk10,18:00:00 26-May-2012,6,GPE,-34.00000000,21.01493073,100.000000,16.553404,16.475000,16.875000,17.750000,16.84,16.84,16.84,16.48,-0.25,17.75
"Gansbaai GW2",117494,0.500000,DAP,Mk10,00:00:00 27-May-2012,6,GPE,-34.00000000,21.01493073,100.000000,16.550858,16.475000,16.775002,16.750000,,,,16.48,7.25,16.75
"Gansbaai GW2",117494,0.500000,DAP,Mk10,06:00:00 27-May-2012,6,GPE,-34.00000000,20.94961929,100.000000,16.584515,16.425001,16.975000,15.750000,16.85,16.85,16.85,16.43,-0.25,15.75
"Gansbaai GW2",117494,0.500000,DAP,Mk10,12:00:00 27-May-2012,6,GPE,-34.00000000,20.94961929,100.000000,16.507779,16.425001,16.775002,9.750000,,,,16.43,2.75,9.75
"Gansbaai GW2",117494,0.500000,DAP,Mk10,18:00:00 27-May-2012,6,GPE,-34.00000000,21.10844994,100.000000,16.788149,16.425001,16.925001,9.750000,16.79,16.79,16.79,16.43,-0.25,9.75
"Gansbaai GW2",117494,0.500000,DAP,Mk10,00:00:00 28-May-2012,6,GPE,-34.00000000,21.10844994,100.000000,16.806853,16.725000,16.925001,8.750000,16.85,16.85,16.85,16.73,-0.25,8.75
"Gansbaai GW2",117494,0.500000,DAP,Mk10,06:00:00 28-May-2012,6,GPE,-34.00000000,20.79643059,100.000000,16.747408,16.675001,16.775002,8.750000,16.75,16.75,16.75,16.68,-0.25,8.75
"Gansbaai GW2",117494,0.500000,DAP,Mk10,12:00:00 28-May-2012,6,GPE,-34.00000000,20.79643059,100.000000,16.751482,16.625000,16.975000,7.750000,16.80,16.80,16.80,16.63,-0.25,7.75
"Gansbaai GW2",117494,0.500000,DAP,Mk10,18:00:00 28-May-2012,6,GPE,-34.50000000,20.80837059,100.000000,16.800395,16.725000,16.875000,9.250000,16.80,16.80,16.80,16.73,-0.25,9.25
"Gansbaai GW2",117494,0.500000,DAP,Mk10,00:00:00 29-May-2012,6,GPE,-34.50000000,20.80837059,100.000000,16.775788,16.675001,16.875000,7.750000,16.74,16.74,16.74,16.68,-0.25,7.75
"Gansbaai GW2",117494,0.500000,DAP,Mk10,06:00:00 29-May-2012,6,GPE,-34.50000000,20.66163063,100.000000,16.685904,16.475000,16.825001,14.750000,16.68,16.68,16.68,16.48,-0.25,14.75
"Gansbaai GW2",117494,0.500000,DAP,Mk10,12:00:00 29-May-2012,6,GPE,-34.50000000,20.66163063,100.000000,16.679399,16.575001,16.775002,10.250000,16.64,16.64,16.64,16.58,-0.25,10.25
"Gansbaai GW2",117494,0.500000,DAP,Mk10,18:00:00 29-May-2012,6,GPE,-35.00000000,20.51926994,100.000000,16.647385,16.525002,16.825001,15.250000,16.66,16.66,16.66,16.53,-0.25,15.25
"Gansbaai GW2",117494,0.500000,DAP,Mk10,00:00:00 30-May-2012,6,GPE,-35.00000000,20.51926994,100.000000,16.583288,16.425001,16.875000,14.250000,16.58,16.58,16.58,16.43,-0.25,14.25
"Gansbaai GW2",117494,0.500000,DAP,Mk10,06:00:00 30-May-2012,6,GPE,-34.00000000,22.00054932,100.000000,16.580718,16.325001,16.825001,19.250000,16.59,16.59,16.59,16.33,-0.25,19.25
"Gansbaai GW2",117494,0.500000,DAP,Mk10,12:00:00 30-May-2012,6,GPE,-34.00000000,22.00054932,100.000000,16.613566,16.325001,16.925001,16.750000,16.66,16.66,16.66,16.33,-0.25,16.75
"Gansbaai GW2",117494,0.500000,DAP,Mk10,18:00:00 30-May-2012,6,GPE,-34.00000000,22.00054932,99.000000,16.472591,16.125000,16.825001,17.750000,16.44,16.44,16.44,16.03,-0.25,17.75
"Gansbaai GW2",117494,0.500000,DAP,Mk10,00:00:00 31-May-2012,6,GPE,-34.00000000,22.00054932,100.000000,16.367130,16.075001,16.725000,21.250000,16.40,16.40,16.40,16.08,-0.25,21.25
"Gansbaai GW2",117494,0.500000,DAP,Mk10,06:00:00 31-May-2012,6,GPE,-34.00000000,22.00054932,100.000000,16.377061,15.825001,16.875000,16.750000,16.39,16.39,16.39,15.83,-0.25,16.75
"Gansbaai GW2",117494,0.500000,DAP,Mk10,12:00:00 31-May-2012,6,GPE,-34.00000000,22.00054932,99.000000,16.671810,16.425001,17.075001,27.750000,16.98,16.98,16.98,16.33,-0.25,27.75
"Gansbaai GW2",117494,0.500000,DAP,Mk10,18:00:00 31-May-2012,6,GPE,-34.00000000,22.00054932,100.000000,16.582732,16.425001,16.825001,26.250000,16.70,16.70,16.70,16.43,-0.25,26.25
"Gansbaai GW2",117494,0.500000,DAP,Mk10,00:00:00 01-Jun-2012,6,GPE,-34.00000000,22.00054932,100.000000,16.494075,16.125000,16.825001,20.750000,16.64,16.64,16.64,16.13,-0.25,20.75
"Gansbaai GW2",117494,0.500000,DAP,Mk10,06:00:00 01-Jun-2012,6,GPE,-36.00000000,20.19957924,100.000000,16.268450,16.075001,16.675001,13.250000,16.28,16.28,16.28,16.08,-0.25,13.25
"Gansbaai GW2",117494,0.500000,DAP,Mk10,12:00:00 01-Jun-2012,6,GPE,-36.00000000,20.19957924,97.000000,16.481705,16.125000,16.975000,35.750000,16.70,16.70,16.70,16.13,-0.25,35.75
"Gansbaai GW2",117494,0.500000,DAP,Mk10,18:00:00 01-Jun-2012,6,GPE,-39.50000000,21.95758057,100.000000,16.515880,16.175001,16.875000,33.750000,16.52,16.52,16.52,16.18,-0.25,33.75
"Gansbaai GW2",117494,0.500000,DAP,Mk10,00:00:00 02-Jun-2012,6,GPE,-39.50000000,21.95758057,100.000000,16.572686,16.275002,16.775002,27.250000,16.57,16.57,16.57,16.28,-0.25,27.25
"Gansbaai GW2",117494,0.500000,DAP,Mk10,06:00:00 02-Jun-2012,6,GPE,-37.50000000,22.71412086,100.000000,16.451135,16.175001,16.775002,24.250000,16.47,16.47,16.47,16.18,-0.25,24.25
"Gansbaai GW2",117494,0.500000,DAP,Mk10,12:00:00 02-Jun-2012,6,GPE,-37.50000000,22.71412086,100.000000,16.621297,16.125000,16.875000,17.750000,16.44,16.44,16.44,16.13,-0.25,17.75
"Gansbaai GW2",117494,0.500000,DAP,Mk10,18:00:00 02-Jun-2012,6,GPE,-35.50000000,21.33074951,100.000000,16.422524,16.175001,16.675001,23.250000,16.45,16.45,16.45,16.18,-0.25,23.25
"Gansbaai GW2",117494,0.500000,DAP,Mk10,00:00:00 03-Jun-2012,6,GPE,-35.50000000,21.33074951,100.000000,16.319191,16.075001,16.475000,29.750000,16.44,16.44,16.44,16.08,-0.25,29.75
"Gansbaai GW2",117494,0.500000,DAP,Mk10,06:00:00 03-Jun-2012,6,GPE,-37.00000000,20.50926971,96.000000,16.410722,15.925001,16.675001,18.250000,16.51,16.51,16.51,15.63,-0.25,18.25
"Gansbaai GW2",117494,0.500000,DAP,Mk10,12:00:00 03-Jun-2012,6,GPE,-37.00000000,20.50926971,97.000000,16.335949,15.425001,16.725000,28.250000,16.39,16.39,16.39,14.28,-0.25,28.25
"Gansbaai GW2",117494,0.500000,DAP,Mk10,18:00:00 03-Jun-2012,6,GPE,-36.50000000,20.63162041,88.000000,16.266242,15.825001,16.475000,25.750000,16.22,16.22,16.22,13.38,-0.25,39.25
"Gansbaai GW2",117494,0.500000,DAP,Mk10,00:00:00 04-Jun-2012,6,GPE,-36.50000000,20.63162041,97.000000,16.280591,15.875001,16.625000,27.250000,16.29,16.29,16.29,15.28,-0.25,30.25
"Gansbaai GW2",117494,0.500000,DAP,Mk10,06:00:00 04-Jun-2012,6,GPE,-37.50000000,20.09795952,99.000000,16.263365,15.875001,16.775002,28.250000,16.25,16.25,16.25,15.88,-0.25,28.25
"Gansbaai GW2",117494,0.500000,DAP,Mk10,12:00:00 04-Jun-2012,6,GPE,-37.50000000,20.09795952,98.000000,16.538741,16.075001,17.175001,24.250000,16.83,16.83,16.83,16.08,-0.25,24.25
"Gansbaai GW2",117494,0.500000,DAP,Mk10,18:00:00 04-Jun-2012,6,GPE,-36.50000000,20.05110931,100.000000,16.427802,16.225000,16.775002,18.250000,16.47,16.47,16.47,16.23,-0.25,18.25
"Gansbaai GW2",117494,0.500000,DAP,Mk10,00:00:00 05-Jun-2012,6,GPE,-36.50000000,20.05110931,100.000000,16.321459,16.225000,16.525002,7.250000,16.35,16.35,16.35,16.23,-0.25,7.25
"Gansbaai GW2",117494,0.500000,DAP,Mk10,06:00:00 05-Jun-2012,6,GPE,-35.00000000,20.62157059,100.000000,16.275950,16.125000,16.425001,6.250000,16.27,16.27,16.27,16.13,-0.25,6.25
"Gansbaai GW2",117494,0.500000,DAP,Mk10,12:00:00 05-Jun-2012,6,GPE,-35.00000000,20.62157059,100.000000,16.379376,16.225000,16.525002,6.750000,16.38,16.38,16.38,16.23,-0.25,6.75
"Gansbaai GW2",117494,0.500000,DAP,Mk10,18:00:00 05-Jun-2012,6,GPE,-33.50000000,19.69655037,100.000000,16.266945,16.025002,16.475000,12.750000,16.34,16.34,16.34,16.03,-0.25,12.75
"Gansbaai GW2",117494,0.500000,DAP,Mk10,00:00:00 06-Jun-2012,6,GPE,-33.50000000,19.69655037,100.000000,16.011621,15.825001,16.275002,4.750000,16.08,16.08,16.08,15.83,-0.25,4.75
"Gansbaai GW2",117494,0.500000,DAP,Mk10,06:00:00 06-Jun-2012,6,GPE,-34.50000000,19.04742050,100.000000,16.052408,15.825001,16.325001,5.750000,16.03,16.03,16.03,15.83,-0.25,5.75
"Gansbaai GW2",117494,0.500000,DAP,Mk10,12:00:00 06-Jun-2012,6,GPE,-34.50000000,19.04742050,100.000000,16.267756,15.975000,16.325001,27.750000,16.24,16.24,16.24,15.98,-0.25,27.75
"Gansbaai GW2",117494,0.500000,DAP,Mk10,18:00:00 06-Jun-2012,6,GPE,-34.50000000,19.41966057,98.000000,16.216793,15.725000,16.325001,32.250000,16.23,16.23,16.23,15.48,-0.25,33.75
"Gansbaai GW2",117494,0.500000,DAP,Mk10,00:00:00 07-Jun-2012,6,GPE,-34.50000000,19.41966057,100.000000,16.128612,15.925001,16.225000,21.750000,16.20,16.20,16.20,15.93,-0.25,21.75
"Gansbaai GW2",117494,0.500000,DAP,Mk10,06:00:00 07-Jun-2012,6,GPE,-36.50000000,18.73222923,100.000000,15.794492,15.525001,16.125000,20.750000,15.91,15.91,15.91,15.53,-0.25,20.75
"Gansbaai GW2",117494,0.500000,DAP,Mk10,12:00:00 07-Jun-2012,6,GPE,-36.50000000,18.73222923,100.000000,15.684098,15.525001,15.975000,25.750000,,,,15.53,6.25,25.75
"Gansbaai GW2",117494,0.500000,DAP,Mk10,18:00:00 07-Jun-2012,6,GPE,-39.50000000,20.60032082,100.000000,15.784260,15.575001,16.025002,21.750000,15.80,15.80,15.80,15.58,-0.25,21.75
"Gansbaai GW2",117494,0.500000,DAP,Mk10,00:00:00 08-Jun-2012,6,GPE,-39.50000000,20.60032082,100.000000,15.724955,15.525001,16.025002,32.250000,15.91,15.91,15.91,15.53,-0.25,32.25
"Gansbaai GW2",117494,0.500000,DAP,Mk10,06:00:00 08-Jun-2012,6,GPE,-39.50000000,20.60032082,100.000000,15.579376,15.475000,15.725000,19.750000,15.50,15.50,15.50,15.48,-0.25,19.75
"Gansbaai GW2",117494,0.500000,DAP,Mk10,12:00:00 08-Jun-2012,6,GPE,-39.50000000,20.60032082,100.000000,15.677246,15.525001,15.825001,23.250000,15.74,15.74,15.74,15.53,-0.25,23.25
"Gansbaai GW2",117494,0.500000,DAP,Mk10,18:00:00 08-Jun-2012,6,GPE,-39.50000000,20.60032082,100.000000,15.623913,15.475000,15.825001,19.750000,15.55,15.55,15.55,15.48,-0.25,19.75
"Gansbaai GW2",117494,0.500000,DAP,Mk10,00:00:00 09-Jun-2012,6,GPE,-39.50000000,20.60032082,100.000000,15.617038,15.525001,15.725000,17.250000,15.70,15.70,15.70,15.53,-0.25,17.25
"Gansbaai GW2",117494,0.500000,DAP,Mk10,06:00:00 09-Jun-2012,6,GPE,-37.50000000,21.39053917,100.000000,15.427316,15.325001,15.625001,14.250000,,,,15.33,0.75,14.25
"Gansbaai GW2",117494,0.500000,DAP,Mk10,12:00:00 09-Jun-2012,6,GPE,-37.50000000,21.39053917,100.000000,15.483311,15.325001,15.575001,13.250000,15.38,15.38,15.38,15.33,-0.25,13.25
"Gansbaai GW2",117494,0.500000,DAP,Mk10,18:00:00 09-Jun-2012,6,GPE,-34.50000000,20.21449089,100.000000,15.536320,15.275001,15.775001,16.250000,15.52,15.52,15.52,15.28,-0.25,16.25
"Gansbaai GW2",117494,0.500000,DAP,Mk10,00:00:00 10-Jun-2012,6,GPE,-34.50000000,20.21449089,100.000000,15.523334,15.275001,15.625001,9.750000,15.52,15.52,15.52,15.28,-0.25,9.75
"Gansbaai GW2",117494,0.500000,DAP,Mk10,06:00:00 10-Jun-2012,6,GPE,-34.50000000,20.00842094,100.000000,15.579862,15.425001,15.825001,10.250000,15.66,15.66,15.66,15.43,-0.25,10.25
"Gansbaai GW2",117494,0.500000,DAP,Mk10,12:00:00 10-Jun-2012,6,GPE,-34.50000000,20.00842094,100.000000,15.624630,15.375001,15.875001,11.750000,15.72,15.72,15.72,15.38,-0.25,11.75
"Gansbaai GW2",117494,0.500000,DAP,Mk10,18:00:00 10-Jun-2012,6,GPE,-33.50000000,19.41654968,100.000000,15.528635,15.275001,15.725000,11.750000,15.60,15.60,15.60,15.28,-0.25,11.75
"Gansbaai GW2",117494,0.500000,DAP,Mk10,00:00:00 11-Jun-2012,6,GPE,-33.50000000,19.41654968,100.000000,15.491135,15.325001,15.575001,12.750000,15.52,15.52,15.52,15.33,-0.25,12.75
"Gansbaai GW2",117494,0.500000,DAP,Mk10,06:00:00 11-Jun-2012,6,GPE,-33.50000000,19.52837944,100.000000,15.526181,15.425001,15.675001,11.750000,15.54,15.54,15.54,15.43,-0.25,11.75
"Gansbaai GW2",117494,0.500000,DAP,Mk10,12:00:00 11-Jun-2012,6,GPE,-33.50000000,19.52837944,100.000000,15.614144,15.425001,15.775001,11.250000,15.64,15.64,15.64,15.43,-0.25,11.25
"Gansbaai GW2",117494,0.500000,DAP,Mk10,18:00:00 11-Jun-2012,6,GPE,-34.50000000,19.79595947,100.000000,15.524190,15.375001,15.625001,14.750000,15.53,15.53,15.53,15.38,-0.25,14.75
"Gansbaai GW2",117494,0.500000,DAP,Mk10,00:00:00 12-Jun-2012,6,GPE,-34.50000000,19.79595947,100.000000,15.478982,15.325001,15.575001,15.250000,15.47,15.47,15.47,15.33,-0.25,15.25
"Gansbaai GW2",117494,0.500000,DAP,Mk10,06:00:00 12-Jun-2012,6,GPE,-35.50000000,19.39801979,100.000000,15.420001,15.225000,15.675001,11.250000,15.42,15.42,15.42,15.23,-0.25,11.25
"Gansbaai GW2",117494,0.500000,DAP,Mk10,12:00:00 12-Jun-2012,6,GPE,-35.50000000,19.39801979,100.000000,15.451853,15.325001,15.575001,11.250000,15.46,15.46,15.46,15.33,-0.25,11.25
"Gansbaai GW2",117494,0.500000,DAP,Mk10,18:00:00 12-Jun-2012,6,GPE,-36.50000000,19.46206093,100.000000,15.549491,15.425001,15.625001,27.750000,15.55,15.55,15.55,15.43,-0.25,27.75
"Gansbaai GW2",117494,0.500000,DAP,Mk10,00:00:00 13-Jun-2012,6,GPE,-36.50000000,19.46206093,100.000000,15.325788,15.125001,15.575001,16.250000,15.32,15.32,15.32,15.13,-0.25,16.25
"Gansbaai GW2",117494,0.500000,DAP,Mk10,06:00:00 13-Jun-2012,6,GPE,-36.50000000,20.00098991,100.000000,15.231158,15.025001,15.425001,4.750000,15.21,15.21,15.21,15.03,-0.25,4.75
"Gansbaai GW2",117494,0.500000,DAP,Mk10,12:00:00 13-Jun-2012,6,GPE,-36.50000000,20.00098991,100.000000,15.424029,15.325001,15.525001,10.750000,15.42,15.42,15.42,15.33,-0.25,10.75
"Gansbaai GW2",117494,0.500000,DAP,Mk10,18:00:00 13-Jun-2012,6,GPE,-35.00000000,19.22248077,100.000000,15.369191,15.225000,15.475000,20.250000,,,,15.23,2.25,20.25
"Gansbaai GW2",117494,0.500000,DAP,Mk10,00:00:00 14-Jun-2012,6,GPE,-35.00000000,19.22248077,100.000000,15.308357,15.075001,15.425001,21.250000,,,,15.08,3.25,21.25
"Gansbaai GW2",117494,0.500000,DAP,Mk10,06:00:00 14-Jun-2012,6,GPE,-34.50000000,19.74752045,100.000000,15.264676,15.125001,15.375001,16.250000,,,,15.13,0.25,16.25
"Gansbaai GW2",117494,0.500000,DAP,Mk10,12:00:00 14-Jun-2012,6,GPE,-34.50000000,19.74752045,100.000000,15.277871,15.175001,15.375001,15.250000,,,,15.18,2.25,15.25
"Gansbaai GW2",117494,0.500000,DAP,Mk10,18:00:00 14-Jun-2012,6,GPE,-34.00000000,19.57582092,99.000000,15.223416,14.675001,15.325001,25.250000,15.25,15.25,15.25,13.08,-0.25,25.25
"Gansbaai GW2",117494,0.500000,DAP,Mk10,00:00:00 15-Jun-2012,6,GPE,-34.00000000,19.57582092,98.000000,15.231016,14.625001,15.325001,21.250000,15.25,15.25,15.25,12.88,-0.25,24.25
"Gansbaai GW2",117494,0.500000,DAP,Mk10,06:00:00 15-Jun-2012,6,GPE,-33.50000000,19.71949005,100.000000,15.267454,15.175001,15.425001,13.250000,15.29,15.29,15.29,15.18,-0.25,13.25
"Gansbaai GW2",117494,0.500000,DAP,Mk10,12:00:00 15-Jun-2012,6,GPE,-33.50000000,19.71949005,100.000000,15.286135,15.175001,15.575001,11.750000,15.38,15.38,15.38,15.18,-0.25,11.75
"Gansbaai GW2",117494,0.500000,DAP,Mk10,18:00:00 15-Jun-2012,6,GPE,-34.00000000,19.86405945,100.000000,15.289815,15.125001,15.475000,12.250000,15.32,15.32,15.32,15.13,-0.25,12.25
"Gansbaai GW2",117494,0.500000,DAP,Mk10,00:00:00 16-Jun-2012,6,GPE,-34.00000000,19.86405945,100.000000,15.311552,14.825001,15.425001,12.250000,15.33,15.33,15.33,14.83,-0.25,12.25
"Gansbaai GW2",117494,0.500000,DAP,Mk10,06:00:00 16-Jun-2012,6,GPE,-34.00000000,19.99827957,100.000000,15.270070,15.025001,15.375001,11.250000,15.29,15.29,15.29,15.03,-0.25,11.25
"Gansbaai GW2",117494,0.500000,DAP,Mk10,12:00:00 16-Jun-2012,6,GPE,-34.00000000,19.99827957,99.000000,15.317530,14.575001,15.575001,10.750000,15.40,15.40,15.40,14.53,-0.25,10.75
"Gansbaai GW2",117494,0.500000,DAP,Mk10,18:00:00 16-Jun-2012,6,GPE,-34.50000000,20.29108047,100.000000,15.296089,15.125001,15.475000,1.750000,15.30,15.30,15.30,15.13,-0.25,1.75
"Gansbaai GW2",117494,0.500000,DAP,Mk10,00:00:00 17-Jun-2012,6,GPE,-34.50000000,20.29108047,100.000000,15.185580,14.975000,15.275001,7.250000,15.19,15.19,15.19,14.98,-0.25,7.25
"Gansbaai GW2",117494,0.500000,DAP,Mk10,06:00:00 17-Jun-2012,6,GPE,-36.50000000,19.10503006,99.000000,15.112051,14.475000,15.275001,14.750000,15.16,15.16,15.16,14.28,-0.25,14.75
"Gansbaai GW2",117494,0.500000,DAP,Mk10,12:00:00 17-Jun-2012,6,GPE,-36.50000000,19.10503006,99.000000,14.981338,14.325001,15.175001,12.750000,15.12,15.12,15.12,14.33,-0.25,12.75
"Gansbaai GW2",117494,0.500000,DAP,Mk10,18:00:00 17-Jun-2012,6,GPE,-36.00000000,19.00521088,100.000000,15.157408,15.075001,15.225000,7.750000,15.16,15.16,15.16,15.08,-0.25,7.75
"Gansbaai GW2",117494,0.500000,DAP,Mk10,00:00:00 18-Jun-2012,6,GPE,-36.00000000,19.00521088,100.000000,15.008473,14.575001,15.175001,12.750000,15.13,15.13,15.13,14.58,-0.25,12.75
"Gansbaai GW2",117494,0.500000,DAP,Mk10,06:00:00 18-Jun-2012,6,GPE,-34.50000000,19.40221024,100.000000,14.932454,14.375001,15.125001,15.250000,14.96,14.96,14.96,14.38,-0.25,15.25
"Gansbaai GW2",117494,0.500000,DAP,Mk10,12:00:00 18-Jun-2012,6,GPE,-34.50000000,19.40221024,100.000000,14.858126,14.325001,15.075001,15.250000,14.88,14.88,14.88,14.33,-0.25,15.25
"Gansbaai GW2",117494,0.500000,DAP,Mk10,18:00:00 18-Jun-2012,6,GPE,-34.50000000,19.22875023,100.000000,14.732154,14.525001,14.925001,16.750000,14.70,14.70,14.70,14.53,-0.25,16.75
"Gansbaai GW2",117494,0.500000,DAP,Mk10,00:00:00 19-Jun-2012,6,GPE,-34.50000000,19.22875023,100.000000,14.700811,14.475000,15.025001,20.250000,,,,14.48,4.75,20.25
"Gansbaai GW2",117494,0.500000,DAP,Mk10,06:00:00 19-Jun-2012,6,GPE,-35.00000000,19.44942093,100.000000,14.679769,14.225000,14.925001,16.250000,14.55,14.55,14.55,14.23,-0.25,16.25
"Gansbaai GW2",117494,0.500000,DAP,Mk10,12:00:00 19-Jun-2012,6,GPE,-35.00000000,19.44942093,100.000000,14.644885,14.525001,14.825001,14.250000,14.75,14.75,14.75,14.53,-0.25,14.25
"Gansbaai GW2",117494,0.500000,DAP,Mk10,18:00:00 19-Jun-2012,6,GPE,-35.00000000,19.39146042,100.000000,14.719839,14.575001,14.925001,17.250000,,,,14.58,4.25,17.25
"Gansbaai GW2",117494,0.500000,DAP,Mk10,00:00:00 20-Jun-2012,6,GPE,-35.00000000,19.39146042,100.000000,14.675140,14.575001,14.825001,17.250000,14.73,14.73,14.73,14.58,-0.25,17.25
"Gansbaai GW2",117494,0.500000,DAP,Mk10,06:00:00 20-Jun-2012,6,GPE,-34.00000000,19.75196075,100.000000,14.731899,14.575001,14.875001,12.250000,,,,14.58,2.75,12.25
"Gansbaai GW2",117494,0.500000,DAP,Mk10,12:00:00 20-Jun-2012,6,GPE,-34.00000000,19.75196075,100.000000,14.726228,14.475000,14.875001,12.250000,14.80,14.80,14.80,14.48,-0.25,12.25
"Gansbaai GW2",117494,0.500000,DAP,Mk10,18:00:00 20-Jun-2012,6,GPE,-34.50000000,19.86276054,99.000000,14.505825,12.825001,14.725000,23.750000,14.18,14.18,14.18,12.83,-0.25,23.75
"Gansbaai GW2",117494,0.500000,DAP,Mk10,00:00:00 21-Jun-2012,6,GPE,-34.50000000,19.86276054,100.000000,14.479792,14.275001,14.625001,9.750000,14.35,14.35,14.35,14.28,-0.25,9.75
"Gansbaai GW2",117494,0.500000,DAP,Mk10,06:00:00 21-Jun-2012,6,GPE,-34.00000000,20.40146065,100.000000,14.385626,14.275001,14.475000,10.750000,14.31,14.31,14.31,14.28,-0.25,10.75
"Gansbaai GW2",117494,0.500000,DAP,Mk10,12:00:00 21-Jun-2012,6,GPE,-34.00000000,20.40146065,100.000000,14.399283,14.325001,14.425001,9.250000,14.40,14.40,14.40,14.33,-0.25,9.25
"Gansbaai GW2",117494,0.500000,DAP,Mk10,18:00:00 21-Jun-2012,6,GPE,-34.00000000,20.67107964,100.000000,14.396529,14.325001,14.525001,7.250000,14.42,14.42,14.42,14.33,-0.25,7.25
"Gansbaai GW2",117494,0.500000,DAP,Mk10,00:00:00 22-Jun-2012,6,GPE,-34.00000000,20.67107964,100.000000,14.399769,13.925001,14.625001,12.750000,14.44,14.44,14.44,13.93,-0.25,12.75
"Gansbaai GW2",117494,0.500000,DAP,Mk10,06:00:00 22-Jun-2012,6,GPE,-37.00000000,18.54033089,100.000000,14.388890,13.975000,14.625001,9.250000,14.46,14.46,14.46,13.98,-0.25,9.25
"Gansbaai GW2",117494,0.500000,DAP,Mk10,12:00:00 22-Jun-2012,6,GPE,-37.00000000,18.54033089,99.000000,14.468594,14.025001,14.725000,9.250000,14.65,14.65,14.65,13.98,-0.25,9.25
"Gansbaai GW2",117494,0.500000,DAP,Mk10,18:00:00 22-Jun-2012,6,GPE,-40.00000000,19.85264015,100.000000,14.445279,14.125001,14.675001,9.750000,14.55,14.55,14.55,14.13,-0.25,9.75
"Gansbaai GW2",117494,0.500000,DAP,Mk10,00:00:00 23-Jun-2012,6,GPE,-40.00000000,19.85264015,99.000000,14.435071,13.625001,14.625001,8.750000,14.42,14.42,14.42,13.53,-0.25,8.75
"Gansbaai GW2",117494,0.500000,DAP,Mk10,06:00:00 23-Jun-2012,6,GPE,-37.50000000,20.62727928,99.000000,14.395449,13.725000,14.625001,13.250000,14.45,14.45,14.45,13.43,-0.25,13.25
"Gansbaai GW2",117494,0.500000,DAP,Mk10,12:00:00 23-Jun-2012,6,GPE,-37.50000000,20.62727928,99.000000,14.557144,13.925001,14.925001,12.750000,14.72,14.72,14.72,13.83,-0.25,12.75
"Gansbaai GW2",117494,0.500000,DAP,Mk10,18:00:00 23-Jun-2012,6,GPE,-37.00000000,19.55009079,96.000000,14.556556,13.975000,14.925001,16.250000,14.78,14.78,14.78,13.28,-0.25,16.25
"Gansbaai GW2",117494,0.500000,DAP,Mk10,00:00:00 24-Jun-2012,6,GPE,-37.00000000,19.55009079,88.000000,14.287455,13.775001,14.975000,14.750000,14.30,14.30,14.30,11.98,-0.25,27.75
"Gansbaai GW2",117494,0.500000,DAP,Mk10,06:00:00 24-Jun-2012,6,GPE,-34.50000000,19.06848907,99.000000,14.085224,13.475000,14.875001,24.750000,,,,12.13,1.75,27.75
"Gansbaai GW2",117494,0.500000,DAP,Mk10,12:00:00 24-Jun-2012,6,GPE,-34.50000000,19.06848907,100.000000,14.185302,13.625001,14.375001,21.250000,,,,13.63,5.75,21.25
"Gansbaai GW2",117494,0.500000,DAP,Mk10,18:00:00 24-Jun-2012,6,GPE,-34.50000000,19.06848907,95.000000,14.224723,13.725000,14.375001,26.250000,,,,13.43,4.75,27.75
"Gansbaai GW2",117494,0.500000,DAP,Mk10,00:00:00 25-Jun-2012,6,GPE,-34.50000000,19.06848907,100.000000,14.098820,13.975000,14.325001,23.750000,,,,13.98,8.75,23.75
"Gansbaai GW2",117494,0.500000,DAP,Mk10,06:00:00 25-Jun-2012,6,GPE,-34.50000000,19.06848907,100.000000,14.143705,14.025001,14.275001,22.750000,,,,14.03,9.75,22.75
"Gansbaai GW2",117494,0.500000,DAP,Mk10,12:00:00 25-Jun-2012,6,GPE,-34.50000000,19.06848907,83.000000,15.116760,13.675001,16.075001,23.750000,15.40,15.40,15.40,13.58,-0.25,25.25
"Gansbaai GW2",117494,0.500000,DAP,Mk10,18:00:00 25-Jun-2012,6,GPE,-34.50000000,19.06848907,100.000000,15.205093,14.375001,15.825001,31.750000,,,,14.38,0.25,31.75
"Gansbaai GW2",117494,0.500000,DAP,Mk10,00:00:00 26-Jun-2012,6,GPE,-34.50000000,19.06848907,100.000000,14.639954,14.325001,14.875001,27.750000,,,,14.33,5.25,27.75
"Gansbaai GW2",117494,0.500000,DAP,Mk10,06:00:00 26-Jun-2012,6,GPE,-31.50000000,19.71479034,100.000000,14.724816,14.475000,15.525001,21.750000,,,,14.48,1.75,21.75
"Gansbaai GW2",117494,0.500000,DAP,Mk10,12:00:00 26-Jun-2012,6,GPE,-31.50000000,19.71479034,100.000000,15.312663,15.075001,15.575001,24.250000,,,,15.08,0.75,24.25
"Gansbaai GW2",117494,0.500000,DAP,Mk10,18:00:00 26-Jun-2012,6,GPE,-31.00000000,21.21553993,100.000000,15.361714,15.225000,15.525001,21.750000,15.36,15.36,15.36,15.23,-0.25,21.75
"Gansbaai GW2",117494,0.500000,DAP,Mk10,00:00:00 27-Jun-2012,6,GPE,-31.00000000,21.21553993,100.000000,15.353056,15.225000,15.525001,25.250000,15.38,15.38,15.38,15.23,-0.25,25.25
"Gansbaai GW2",117494,0.500000,DAP,Mk10,06:00:00 27-Jun-2012,6,GPE,-33.00000000,19.56913948,100.000000,15.329121,15.275001,15.375001,12.750000,,,,15.28,3.25,12.75
"Gansbaai GW2",117494,0.500000,DAP,Mk10,12:00:00 27-Jun-2012,6,GPE,-33.00000000,19.56913948,100.000000,15.289422,15.225000,15.375001,18.750000,,,,15.23,2.75,18.75
"Gansbaai GW2",117494,0.500000,DAP,Mk10,18:00:00 27-Jun-2012,6,GPE,-35.50000000,19.63232040,100.000000,15.313450,15.275001,15.375001,15.750000,,,,15.28,9.75,15.75
"Gansbaai GW2",117494,0.500000,DAP,Mk10,00:00:00 28-Jun-2012,6,GPE,-35.50000000,19.63232040,100.000000,15.265070,15.225000,15.375001,15.250000,15.30,15.30,15.30,15.23,-0.25,15.25
"Gansbaai GW2",117494,0.500000,DAP,Mk10,06:00:00 28-Jun-2012,6,GPE,-33.50000000,20.75950050,100.000000,15.249630,15.175001,15.325001,15.250000,15.27,15.27,15.27,15.18,-0.25,15.25
"Gansbaai GW2",117494,0.500000,DAP,Mk10,12:00:00 28-Jun-2012,6,GPE,-33.50000000,20.75950050,100.000000,15.135418,15.025001,15.275001,17.250000,,,,15.03,10.75,17.25
"Gansbaai GW2",117494,0.500000,DAP,Mk10,18:00:00 28-Jun-2012,6,GPE,-34.50000000,21.17021942,100.000000,15.243542,15.075001,15.425001,17.250000,15.36,15.36,15.36,15.08,-0.25,17.25
"Gansbaai GW2",117494,0.500000,DAP,Mk10,00:00:00 29-Jun-2012,6,GPE,-34.50000000,21.17021942,100.000000,15.135371,14.925001,15.325001,15.750000,15.23,15.23,15.23,14.93,-0.25,15.75
"Gansbaai GW2",117494,0.500000,DAP,Mk10,06:00:00 29-Jun-2012,6,GPE,-34.50000000,21.17021942,100.000000,15.014746,14.975000,15.075001,7.750000,15.05,15.05,15.05,14.98,-0.25,7.75
"Gansbaai GW2",117494,0.500000,DAP,Mk10,12:00:00 29-Jun-2012,6,GPE,-34.50000000,21.17021942,100.000000,15.024260,14.875001,15.175001,6.750000,14.96,14.96,14.96,14.88,-0.25,6.75
"Gansbaai GW2",117494,0.500000,DAP,Mk10,18:00:00 29-Jun-2012,6,GPE,-34.50000000,21.17021942,100.000000,15.085140,14.875001,15.225000,7.250000,15.07,15.07,15.07,14.88,-0.25,7.25
"Gansbaai GW2",117494,0.500000,DAP,Mk10,00:00:00 30-Jun-2012,6,GPE,-34.50000000,21.17021942,100.000000,14.967616,14.775001,15.175001,7.750000,14.97,14.97,14.97,14.78,-0.25,7.75
"Gansbaai GW2",117494,0.500000,DAP,Mk10,06:00:00 30-Jun-2012,6,GPE,-34.50000000,21.17021942,100.000000,15.040140,14.675001,15.175001,15.250000,15.01,15.01,15.01,14.68,-0.25,15.25
"Gansbaai GW2",117494,0.500000,DAP,Mk10,12:00:00 30-Jun-2012,6,GPE,-34.50000000,21.17021942,99.000000,15.069991,14.625001,15.325001,12.750000,14.95,14.95,14.95,14.63,-0.25,12.75
"Gansbaai GW2",117494,0.500000,DAP,Mk10,18:00:00 30-Jun-2012,6,GPE,-34.00000000,20.86948013,100.000000,15.120834,14.975000,15.275001,6.250000,15.12,15.12,15.12,14.98,-0.25,6.25
"Gansbaai GW2",117494,0.500000,DAP,Mk10,00:00:00 01-Jul-2012,6,GPE,-34.00000000,20.86948013,100.000000,15.039422,14.775001,15.175001,7.250000,15.03,15.03,15.03,14.78,-0.25,7.25
"Gansbaai GW2",117494,0.500000,DAP,Mk10,06:00:00 01-Jul-2012,6,GPE,-34.00000000,20.86948013,100.000000,15.057316,14.775001,15.375001,11.750000,15.04,15.04,15.04,14.78,-0.25,11.75
"Gansbaai GW2",117494,0.500000,DAP,Mk10,12:00:00 01-Jul-2012,6,GPE,-34.00000000,20.86948013,100.000000,14.964538,14.675001,15.225000,8.750000,14.91,14.91,14.91,14.68,-0.25,8.75
"Gansbaai GW2",117494,0.500000,DAP,Mk10,18:00:00 01-Jul-2012,6,GPE,-32.50000000,19.46615028,100.000000,15.217130,14.825001,15.475000,20.750000,15.31,15.31,15.31,14.83,-0.25,20.75
"Gansbaai GW2",117494,0.500000,DAP,Mk10,00:00:00 02-Jul-2012,6,GPE,-32.50000000,19.46615028,100.000000,14.935579,14.675001,15.125001,8.250000,14.96,14.96,14.96,14.68,-0.25,8.25
"Gansbaai GW2",117494,0.500000,DAP,Mk10,06:00:00 02-Jul-2012,6,GPE,-34.50000000,20.85112000,100.000000,14.806135,14.525001,15.075001,9.750000,14.74,14.74,14.74,14.53,-0.25,9.75
"Gansbaai GW2",117494,0.500000,DAP,Mk10,12:00:00 02-Jul-2012,6,GPE,-34.50000000,20.85112000,100.000000,15.346852,14.825001,15.625001,21.250000,15.39,15.39,15.39,14.83,-0.25,21.25
"Gansbaai GW2",117494,0.500000,DAP,Mk10,18:00:00 02-Jul-2012,6,GPE,-37.50000000,19.44366074,100.000000,14.947038,14.775001,15.175001,17.250000,15.03,15.03,15.03,14.78,-0.25,17.25
"Gansbaai GW2",117494,0.500000,DAP,Mk10,00:00:00 03-Jul-2012,6,GPE,-37.50000000,19.44366074,100.000000,15.000672,14.875001,15.175001,8.250000,15.01,15.01,15.01,14.88,-0.25,8.25
"Gansbaai GW2",117494,0.500000,DAP,Mk10,06:00:00 03-Jul-2012,6,GPE,-37.50000000,19.44366074,100.000000,15.006089,14.825001,15.175001,4.750000,15.00,15.00,15.00,14.83,-0.25,4.75
"Gansbaai GW2",117494,0.500000,DAP,Mk10,12:00:00 03-Jul-2012,6,GPE,-37.50000000,19.44366074,100.000000,14.961853,14.725000,15.175001,7.250000,15.01,15.01,15.01,14.73,-0.25,7.25
"Gansbaai GW2",117494,0.500000,DAP,Mk10,18:00:00 03-Jul-2012,6,GPE,-37.50000000,19.44366074,100.000000,14.980510,14.875001,15.075001,6.750000,14.95,14.95,14.95,14.88,-0.25,6.75
"Gansbaai GW2",117494,0.500000,DAP,Mk10,00:00:00 04-Jul-2012,6,GPE,-37.50000000,19.44366074,100.000000,14.993195,14.675001,15.175001,13.750000,15.00,15.00,15.00,14.68,-0.25,13.75
"Gansbaai GW2",117494,0.500000,DAP,Mk10,06:00:00 04-Jul-2012,6,GPE,-37.50000000,19.44366074,100.000000,14.951089,14.675001,15.275001,18.250000,14.91,14.91,14.91,14.68,-0.25,18.25
"Gansbaai GW2",117494,0.500000,DAP,Mk10,12:00:00 04-Jul-2012,6,GPE,-37.50000000,19.44366074,100.000000,15.316089,15.175001,15.425001,18.750000,15.25,15.25,15.25,15.18,-0.25,18.75
"Gansbaai GW2",117494,0.500000,DAP,Mk10,18:00:00 04-Jul-2012,6,GPE,-37.50000000,19.63448906,100.000000,14.938149,14.725000,15.275001,14.750000,14.96,14.96,14.96,14.73,-0.25,14.75
"Gansbaai GW2",117494,0.500000,DAP,Mk10,00:00:00 05-Jul-2012,6,GPE,-37.50000000,19.63448906,100.000000,14.910556,14.825001,15.025001,11.250000,14.90,14.90,14.90,14.83,-0.25,11.25
"Gansbaai GW2",117494,0.500000,DAP,Mk10,06:00:00 05-Jul-2012,6,GPE,-35.50000000,20.91643906,100.000000,14.782848,14.575001,15.025001,8.750000,14.75,14.75,14.75,14.58,-0.25,8.75
"Gansbaai GW2",117494,0.500000,DAP,Mk10,12:00:00 05-Jul-2012,6,GPE,-35.50000000,20.91643906,100.000000,14.983473,14.825001,15.125001,13.250000,15.03,15.03,15.03,14.83,-0.25,13.25
"Gansbaai GW2",117494,0.500000,DAP,Mk10,18:00:00 05-Jul-2012,6,GPE,-35.50000000,20.71655083,100.000000,14.958010,14.775001,15.125001,11.750000,14.98,14.98,14.98,14.78,-0.25,11.75
"Gansbaai GW2",117494,0.500000,DAP,Mk10,00:00:00 06-Jul-2012,6,GPE,-35.50000000,20.71655083,100.000000,14.923195,14.575001,15.175001,13.750000,15.04,15.04,15.04,14.58,-0.25,13.75
"Gansbaai GW2",117494,0.500000,DAP,Mk10,06:00:00 06-Jul-2012,6,GPE,-35.50000000,20.71655083,100.000000,14.730348,14.275001,15.025001,13.750000,14.64,14.64,14.64,14.28,-0.25,13.75
"Gansbaai GW2",117494,0.500000,DAP,Mk10,12:00:00 06-Jul-2012,6,GPE,-35.50000000,20.71655083,100.000000,14.987431,14.475000,15.325001,10.250000,15.03,15.03,15.03,14.48,-0.25,10.25
"Gansbaai GW2",117494,0.500000,DAP,Mk10,18:00:00 06-Jul-2012,6,GPE,-35.50000000,20.71655083,100.000000,15.132987,14.825001,15.325001,17.250000,15.13,15.13,15.13,14.83,-0.25,17.25
"Gansbaai GW2",117494,0.500000,DAP,Mk10,00:00:00 07-Jul-2012,6,GPE,-35.50000000,20.71655083,100.000000,14.665626,14.325001,15.025001,6.250000,14.67,14.67,14.67,14.33,-0.25,6.25
"Gansbaai GW2",117494,0.500000,DAP,Mk10,06:00:00 07-Jul-2012,6,GPE,-35.00000000,20.99774933,100.000000,14.867292,14.325001,15.175001,28.250000,14.86,14.86,14.86,14.33,-0.25,28.25
"Gansbaai GW2",117494,0.500000,DAP,Mk10,12:00:00 07-Jul-2012,6,GPE,-35.00000000,20.99774933,100.000000,15.082455,14.825001,15.175001,26.250000,14.97,14.97,14.97,14.83,-0.25,26.25
"Gansbaai GW2",117494,0.500000,DAP,Mk10,18:00:00 07-Jul-2012,6,GPE,-38.00000000,21.01358032,100.000000,14.988843,14.825001,15.075001,17.750000,14.99,14.99,14.99,14.83,-0.25,17.75
"Gansbaai GW2",117494,0.500000,DAP,Mk10,00:00:00 08-Jul-2012,6,GPE,-38.00000000,21.01358032,100.000000,14.798728,14.475000,15.025001,25.750000,14.79,14.79,14.79,14.48,-0.25,25.75
"Gansbaai GW2",117494,0.500000,DAP,Mk10,06:00:00 08-Jul-2012,6,GPE,-38.00000000,21.01358032,100.000000,14.694538,13.925001,14.875001,23.250000,14.62,14.62,14.62,13.93,-0.25,23.25
"Gansbaai GW2",117494,0.500000,DAP,Mk10,12:00:00 08-Jul-2012,6,GPE,-38.00000000,21.01358032,100.000000,15.037154,14.775001,15.225000,84.750000,15.06,15.06,15.06,14.78,-0.25,84.75
"Gansbaai GW2",117494,0.500000,DAP,Mk10,18:00:00 08-Jul-2012,6,GPE,-38.00000000,21.01358032,100.000000,14.984376,14.425001,15.175001,81.750000,15.08,15.08,15.08,14.43,-0.25,81.75
"Gansbaai GW2",117494,0.500000,DAP,Mk10,00:00:00 09-Jul-2012,6,GPE,-38.00000000,21.01358032,100.000000,14.694190,14.325001,15.075001,24.250000,14.81,14.81,14.81,14.33,-0.25,24.25
"Gansbaai GW2",117494,0.500000,DAP,Mk10,06:00:00 09-Jul-2012,6,GPE,-34.00000000,21.85115051,100.000000,14.951019,13.975000,15.425001,36.250000,14.72,14.72,14.72,13.98,-0.25,36.25
"Gansbaai GW2",117494,0.500000,DAP,Mk10,12:00:00 09-Jul-2012,6,GPE,-34.00000000,21.85115051,100.000000,15.167385,15.025001,15.325001,37.250000,15.08,15.08,15.08,15.03,-0.25,37.25
"Gansbaai GW2",117494,0.500000,DAP,Mk10,18:00:00 09-Jul-2012,6,GPE,-34.00000000,21.85115051,100.000000,15.280695,14.975000,15.575001,14.750000,15.30,15.30,15.30,14.98,-0.25,14.75
"Gansbaai GW2",117494,0.500000,DAP,Mk10,00:00:00 10-Jul-2012,6,GPE,-34.00000000,21.85115051,100.000000,14.717663,14.375001,15.375001,32.250000,14.67,14.67,14.67,14.38,-0.25,32.25
"Gansbaai GW2",117494,0.500000,DAP,Mk10,06:00:00 10-Jul-2012,6,GPE,-34.00000000,21.85115051,100.000000,14.179700,14.075001,14.525001,32.250000,14.15,14.15,14.15,14.08,-0.25,32.25
"Gansbaai GW2",117494,0.500000,DAP,Mk10,12:00:00 10-Jul-2012,6,GPE,-34.00000000,21.85115051,100.000000,14.713010,14.225000,15.025001,46.750000,14.75,14.75,14.75,14.23,-0.25,46.75
"Gansbaai GW2",117494,0.500000,DAP,Mk10,18:00:00 10-Jul-2012,6,GPE,-33.50000000,18.42130089,100.000000,14.334445,14.075001,14.875001,55.250000,14.31,14.31,14.31,14.08,-0.25,55.25
"Gansbaai GW2",117494,0.500000,DAP,Mk10,00:00:00 11-Jul-2012,6,GPE,-33.50000000,18.42130089,100.000000,14.212408,14.075001,14.475000,66.750000,14.20,14.20,14.20,14.08,-0.25,66.75
"Gansbaai GW2",117494,0.500000,DAP,Mk10,06:00:00 11-Jul-2012,6,GPE,-33.50000000,18.42130089,100.000000,14.179723,14.075001,14.325001,55.750000,14.18,14.18,14.18,14.08,-0.25,55.75
"Gansbaai GW2",117494,0.500000,DAP,Mk10,12:00:00 11-Jul-2012,6,GPE,-33.50000000,18.42130089,100.000000,14.231343,14.125001,14.325001,42.250000,14.24,14.24,14.24,14.13,-0.25,42.25
"Gansbaai GW2",117494,0.500000,DAP,Mk10,18:00:00 11-Jul-2012,6,GPE,-36.00000000,20.83109093,100.000000,14.234538,14.075001,14.425001,49.750000,14.24,14.24,14.24,14.08,-0.25,49.75
"Gansbaai GW2",117494,0.500000,DAP,Mk10,00:00:00 12-Jul-2012,6,GPE,-36.00000000,20.83109093,100.000000,14.209306,13.875001,14.475000,26.750000,14.17,14.17,14.17,13.88,-0.25,26.75
"Gansbaai GW2",117494,0.500000,DAP,Mk10,06:00:00 12-Jul-2012,6,GPE,-35.50000000,21.22043991,100.000000,14.277640,14.025001,14.675001,30.750000,14.36,14.36,14.36,14.03,-0.25,30.75
"Gansbaai GW2",117494,0.500000,DAP,Mk10,12:00:00 12-Jul-2012,6,GPE,-35.50000000,21.22043991,100.000000,14.235718,14.075001,14.775001,54.750000,14.26,14.26,14.26,14.08,-0.25,54.75
"Gansbaai GW2",117494,0.500000,DAP,Mk10,18:00:00 12-Jul-2012,6,GPE,-36.00000000,21.27396965,100.000000,14.198658,13.975000,14.375001,46.750000,14.19,14.19,14.19,13.98,-0.25,46.75
"Gansbaai GW2",117494,0.500000,DAP,Mk10,00:00:00 13-Jul-2012,6,GPE,-36.00000000,21.27396965,100.000000,13.970695,13.625001,14.325001,17.750000,13.87,13.87,13.87,13.63,-0.25,17.75
"Gansbaai GW2",117494,0.500000,DAP,Mk10,06:00:00 13-Jul-2012,6,GPE,-35.50000000,21.74275017,100.000000,14.155441,13.975000,14.275001,18.750000,14.18,14.18,14.18,13.98,-0.25,18.75
"Gansbaai GW2",117494,0.500000,DAP,Mk10,12:00:00 13-Jul-2012,6,GPE,-35.50000000,21.74275017,100.000000,14.211042,14.025001,14.675001,71.250000,14.21,14.21,14.21,14.03,-0.25,71.25
"Gansbaai GW2",117494,0.500000,DAP,Mk10,18:00:00 13-Jul-2012,6,,,,100.000000,14.238242,14.025001,14.575001,65.750000,14.23,14.23,14.23,14.03,-0.25,65.75
"Gansbaai GW2",117494,0.500000,DAP,Mk10,00:00:00 14-Jul-2012,6,,,,100.000000,14.068334,13.825001,14.225000,55.250000,14.08,14.08,14.08,13.83,-0.25,55.25
"Gansbaai GW2",117494,0.500000,DAP,Mk10,06:00:00 14-Jul-2012,6,,,,99.000000,14.121622,13.525001,14.425001,66.750000,14.13,14.13,14.13,12.38,-0.25,66.75
"Gansbaai GW2",117494,0.500000,DAP,Mk10,12:00:00 14-Jul-2012,6,,,,99.000000,14.114704,13.175001,14.375001,55.750000,14.16,14.16,14.16,12.93,-0.25,55.75
"Gansbaai GW2",117494,0.500000,DAP,Mk10,18:00:00 14-Jul-2012,6,,,,89.000000,14.076005,12.725000,14.375001,61.750000,14.16,14.16,14.16,12.03,-0.25,61.75
"Gansbaai GW2",117494,0.500000,DAP,Mk10,00:00:00 15-Jul-2012,6,,,,99.000000,13.828907,13.275001,14.275001,57.250000,13.84,13.84,13.84,13.18,-0.25,57.25
"Gansbaai GW2",117494,0.500000,DAP,Mk10,06:00:00 15-Jul-2012,6,GPE,-31.00000000,20.50840950,100.000000,14.155070,13.975000,14.375001,46.250000,14.16,14.16,14.16,13.98,-0.25,46.25
"Gansbaai GW2",117494,0.500000,DAP,Mk10,12:00:00 15-Jul-2012,6,GPE,-31.00000000,20.50840950,94.000000,14.368120,13.475000,14.525001,63.250000,14.39,14.39,14.39,11.93,-0.25,64.25
"Gansbaai GW2",117494,0.500000,DAP,Mk10,18:00:00 15-Jul-2012,6,GPE,-31.00000000,20.50840950,66.000000,14.187553,12.425001,14.525001,71.250000,14.36,14.36,14.36,11.68,-0.25,71.25
"Gansbaai GW2",117494,0.500000,DAP,Mk10,00:00:00 16-Jul-2012,6,GPE,-31.00000000,20.50840950,90.000000,14.283900,13.375001,14.475000,76.750000,14.33,14.33,14.33,11.33,-0.25,76.75
"Gansbaai GW2",117494,0.500000,DAP,Mk10,06:00:00 16-Jul-2012,6,GPE,-31.00000000,20.50840950,76.000000,14.207426,13.525001,14.625001,62.750000,14.31,14.31,14.31,11.08,-0.25,64.75
"Gansbaai GW2",117494,0.500000,DAP,Mk10,12:00:00 16-Jul-2012,6,GPE,-31.00000000,20.50840950,99.000000,14.186050,13.825001,14.625001,57.250000,14.49,14.49,14.49,13.78,-0.25,57.25
"Gansbaai GW2",117494,0.500000,DAP,Mk10,18:00:00 16-Jul-2012,6,GPE,-31.00000000,20.50840950,100.000000,14.278241,13.925001,14.375001,17.250000,14.30,14.30,14.30,13.93,-0.25,17.25
"Gansbaai GW2",117494,0.500000,DAP,Mk10,00:00:00 17-Jul-2012,6,GPE,-31.00000000,20.50840950,100.000000,14.287153,14.175001,14.375001,17.750000,,,,14.18,1.75,17.75
"Gansbaai GW2",117494,0.500000,DAP,Mk10,06:00:00 17-Jul-2012,6,GPE,-35.00000000,19.45866966,100.000000,14.259700,14.175001,14.325001,14.750000,,,,14.18,4.25,14.75
"Gansbaai GW2",117494,0.500000,DAP,Mk10,12:00:00 17-Jul-2012,6,GPE,-35.00000000,19.45866966,100.000000,14.293890,14.225000,14.425001,19.750000,,,,14.23,2.75,19.75
"Gansbaai GW2",117494,0.500000,DAP,Mk10,18:00:00 17-Jul-2012,6,GPE,-35.50000000,19.62721062,100.000000,14.315047,14.175001,14.425001,16.250000,,,,14.18,1.75,16.25
"Gansbaai GW2",117494,0.500000,DAP,Mk10,00:00:00 18-Jul-2012,6,GPE,-35.50000000,19.62721062,100.000000,14.245232,14.075001,14.375001,17.250000,14.25,14.25,14.25,14.08,-0.25,17.25
"Gansbaai GW2",117494,0.500000,DAP,Mk10,06:00:00 18-Jul-2012,6,GPE,-35.50000000,19.64348030,100.000000,14.228589,14.075001,14.375001,29.750000,14.28,14.28,14.28,14.08,-0.25,29.75
"Gansbaai GW2",117494,0.500000,DAP,Mk10,12:00:00 18-Jul-2012,6,GPE,-35.50000000,19.64348030,100.000000,14.248982,14.075001,14.325001,30.750000,14.30,14.30,14.30,14.08,-0.25,30.75
"Gansbaai GW2",117494,0.500000,DAP,Mk10,18:00:00 18-Jul-2012,6,GPE,-35.50000000,19.66609955,100.000000,14.220765,14.125001,14.375001,15.750000,14.23,14.23,14.23,14.13,-0.25,15.75
"Gansbaai GW2",117494,0.500000,DAP,Mk10,00:00:00 19-Jul-2012,6,GPE,-35.50000000,19.66609955,100.000000,14.210302,14.125001,14.275001,15.750000,14.24,14.24,14.24,14.13,-0.25,15.75
"Gansbaai GW2",117494,0.500000,DAP,Mk10,06:00:00 19-Jul-2012,6,GPE,-36.00000000,20.21346092,100.000000,14.200973,14.125001,14.275001,12.250000,14.20,14.20,14.20,14.13,-0.25,12.25
"Gansbaai GW2",117494,0.500000,DAP,Mk10,12:00:00 19-Jul-2012,6,GPE,-36.00000000,20.21346092,100.000000,14.208288,14.175001,14.275001,12.750000,14.20,14.20,14.20,14.18,-0.25,12.75
"Gansbaai GW2",117494,0.500000,DAP,Mk10,18:00:00 19-Jul-2012,6,GPE,-38.00000000,19.81981087,100.000000,14.221320,14.175001,14.325001,16.250000,14.23,14.23,14.23,14.18,-0.25,16.25
"Gansbaai GW2",117494,0.500000,DAP,Mk10,00:00:00 20-Jul-2012,6,GPE,-38.00000000,19.81981087,100.000000,14.222709,14.125001,14.275001,14.250000,14.21,14.21,14.21,14.13,-0.25,14.25
"Gansbaai GW2",117494,0.500000,DAP,Mk10,06:00:00 20-Jul-2012,6,GPE,-38.00000000,19.81981087,100.000000,14.190255,14.075001,14.275001,13.750000,14.19,14.19,14.19,14.08,-0.25,13.75
"Gansbaai GW2",117494,0.500000,DAP,Mk10,12:00:00 20-Jul-2012,6,GPE,-38.00000000,19.81981087,100.000000,14.232825,14.075001,14.275001,14.250000,14.25,14.25,14.25,14.08,-0.25,14.25
"Gansbaai GW2",117494,0.500000,DAP,Mk10,18:00:00 20-Jul-2012,6,GPE,-35.50000000,20.29040909,100.000000,14.217524,14.125001,14.275001,11.750000,14.20,14.20,14.20,14.13,-0.25,11.75
"Gansbaai GW2",117494,0.500000,DAP,Mk10,00:00:00 21-Jul-2012,6,GPE,-35.50000000,20.29040909,100.000000,14.140464,14.075001,14.225000,17.250000,14.13,14.13,14.13,14.08,-0.25,17.25
"Gansbaai GW2",117494,0.500000,DAP,Mk10,06:00:00 21-Jul-2012,6,GPE,-34.50000000,19.84120941,100.000000,14.095880,14.025001,14.175001,10.250000,14.10,14.10,14.10,14.03,-0.25,10.25
"Gansbaai GW2",117494,0.500000,DAP,Mk10,12:00:00 21-Jul-2012,6,GPE,-34.50000000,19.84120941,100.000000,14.077061,13.975000,14.125001,10.250000,14.05,14.05,14.05,13.98,-0.25,10.25
"Gansbaai GW2",117494,0.500000,DAP,Mk10,18:00:00 21-Jul-2012,6,GPE,-34.50000000,19.84120941,100.000000,14.156714,13.875001,14.375001,24.250000,14.16,14.16,14.16,13.88,-0.25,24.25
"Gansbaai GW2",117494,0.500000,DAP,Mk10,00:00:00 22-Jul-2012,6,GPE,-34.50000000,19.84120941,100.000000,13.809978,13.525001,13.975000,16.250000,13.79,13.79,13.79,13.53,-0.25,16.25
"Gansbaai GW2",117494,0.500000,DAP,Mk10,06:00:00 22-Jul-2012,6,GPE,-34.50000000,19.40354919,100.000000,13.694769,13.525001,13.975000,2.250000,13.69,13.69,13.69,13.53,-0.25,2.25
"Gansbaai GW2",117494,0.500000,DAP,Mk10,12:00:00 22-Jul-2012,6,GPE,-34.50000000,19.40354919,100.000000,14.263728,13.825001,14.875001,9.750000,14.25,14.25,14.25,13.83,-0.25,9.75
"Gansbaai GW2",117494,0.500000,DAP,Mk10,18:00:00 22-Jul-2012,6,GPE,-34.50000000,19.40354919,100.000000,13.932454,13.575001,14.625001,9.750000,13.98,13.98,13.98,13.58,-0.25,9.75
"Gansbaai GW2",117494,0.500000,DAP,Mk10,00:00:00 23-Jul-2012,6,GPE,-34.50000000,19.40354919,100.000000,13.827616,13.675001,14.325001,18.750000,13.93,13.93,13.93,13.68,-0.25,18.75
"Gansbaai GW2",117494,0.500000,DAP,Mk10,06:00:00 23-Jul-2012,6,GPE,-34.50000000,19.40354919,100.000000,13.903774,13.425001,14.375001,13.250000,13.97,13.97,13.97,13.43,-0.25,13.25
"Gansbaai GW2",117494,0.500000,DAP,Mk10,12:00:00 23-Jul-2012,6,GPE,-34.50000000,19.40354919,100.000000,14.443288,14.025001,14.775001,0.000000,14.44,14.44,14.44,14.03,-0.25,0.25
"Gansbaai GW2",117494,0.500000,DAP,Mk10,18:00:00 23-Jul-2012,6,GPE,-33.00000000,18.52276039,100.000000,14.650742,14.325001,15.075001,5.250000,14.64,14.64,14.64,14.33,-0.25,5.25
"Gansbaai GW2",117494,0.500000,DAP,Mk10,00:00:00 24-Jul-2012,6,GPE,-33.00000000,18.52276039,100.000000,14.478542,14.175001,15.075001,41.750000,14.46,14.46,14.46,14.18,-0.25,41.75
"Gansbaai GW2",117494,0.500000,DAP,Mk10,06:00:00 24-Jul-2012,6,GPE,-33.00000000,18.52276039,100.000000,14.512038,13.925001,15.125001,44.250000,14.53,14.53,14.53,13.93,-0.25,44.25
"Gansbaai GW2",117494,0.500000,DAP,Mk10,12:00:00 24-Jul-2012,6,GPE,-33.00000000,18.52276039,100.000000,14.715417,14.275001,15.075001,41.250000,14.77,14.77,14.77,14.28,-0.25,41.25
"Gansbaai GW2",117494,0.500000,DAP,Mk10,18:00:00 24-Jul-2012,6,GPE,-35.00000000,19.57485962,100.000000,14.953149,14.425001,15.275001,28.750000,15.02,15.02,15.02,14.43,-0.25,28.75
"Gansbaai GW2",117494,0.500000,DAP,Mk10,00:00:00 25-Jul-2012,6,GPE,-35.00000000,19.57485962,100.000000,14.613403,14.425001,15.075001,19.250000,14.73,14.73,14.73,14.43,-0.25,19.25
"Gansbaai GW2",117494,0.500000,DAP,Mk10,06:00:00 25-Jul-2012,6,GPE,-35.00000000,19.57485962,100.000000,14.565626,14.475000,14.675001,15.250000,14.60,14.60,14.60,14.48,-0.25,15.25
"Gansbaai GW2",117494,0.500000,DAP,Mk10,12:00:00 25-Jul-2012,6,GPE,-35.00000000,19.57485962,100.000000,14.589237,14.425001,14.875001,42.250000,14.68,14.68,14.68,14.43,-0.25,42.25
"Gansbaai GW2",117494,0.500000,DAP,Mk10,18:00:00 25-Jul-2012,6,GPE,-30.00000000,18.48070908,100.000000,14.584677,14.225000,14.875001,40.750000,14.69,14.69,14.69,14.23,-0.25,40.75
"Gansbaai GW2",117494,0.500000,DAP,Mk10,00:00:00 26-Jul-2012,6,GPE,-30.00000000,18.48070908,100.000000,14.654191,14.375001,14.875001,31.250000,14.74,14.74,14.74,14.38,-0.25,31.25
"Gansbaai GW2",117494,0.500000,DAP,Mk10,06:00:00 26-Jul-2012,6,GPE,-30.00000000,18.48070908,100.000000,14.821297,14.525001,15.075001,42.250000,14.92,14.92,14.92,14.53,-0.25,42.25
"Gansbaai GW2",117494,0.500000,DAP,Mk10,12:00:00 26-Jul-2012,6,GPE,-30.00000000,18.48070908,99.000000,15.005367,14.325001,15.925001,73.750000,15.01,15.01,15.01,13.83,-0.25,73.75
"Gansbaai GW2",117494,0.500000,DAP,Mk10,18:00:00 26-Jul-2012,6,GPE,-30.00000000,18.48070908,100.000000,15.213728,14.675001,15.925001,44.750000,15.24,15.24,15.24,14.68,-0.25,44.75
"Gansbaai GW2",117494,0.500000,DAP,Mk10,00:00:00 27-Jul-2012,6,GPE,-30.00000000,18.48070908,100.000000,14.822524,14.575001,15.025001,17.750000,14.87,14.87,14.87,14.58,-0.25,17.75
"Gansbaai GW2",117494,0.500000,DAP,Mk10,06:00:00 27-Jul-2012,6,GPE,-30.00000000,18.48070908,100.000000,14.661158,14.425001,15.175001,33.250000,14.69,14.69,14.69,14.43,-0.25,33.25
"Gansbaai GW2",117494,0.500000,DAP,Mk10,12:00:00 27-Jul-2012,6,GPE,-30.00000000,18.48070908,100.000000,14.658681,14.375001,15.025001,39.250000,14.72,14.72,14.72,14.38,-0.25,39.25
"Gansbaai GW2",117494,0.500000,DAP,Mk10,18:00:00 27-Jul-2012,6,GPE,-34.50000000,20.28759956,100.000000,14.718103,14.475000,14.975000,35.250000,14.78,14.78,14.78,14.48,-0.25,35.25
"Gansbaai GW2",117494,0.500000,DAP,Mk10,00:00:00 28-Jul-2012,6,GPE,-34.50000000,20.28759956,100.000000,14.744098,14.525001,14.975000,30.750000,14.72,14.72,14.72,14.53,-0.25,30.75
"Gansbaai GW2",117494,0.500000,DAP,Mk10,06:00:00 28-Jul-2012,6,,,,100.000000,14.796459,14.675001,14.925001,1.250000,14.73,14.73,14.73,14.68,-0.25,1.25
"Gansbaai GW2",117494,0.500000,DAP,Mk10,12:00:00 28-Jul-2012,6,,,,100.000000,14.923012,14.825001,15.025001,0.750000,14.92,14.92,14.92,14.83,-0.25,0.75
"Gansbaai GW2",117494,0.500000,DAP,Mk10,18:00:00 28-Jul-2012,6,,,,100.000000,15.108195,14.925001,15.225000,0.750000,15.10,15.10,15.10,14.93,-0.25,0.75
"Gansbaai GW2",117494,0.500000,DAP,Mk10,00:00:00 29-Jul-2012,6,,,,100.000000,14.896667,14.575001,15.175001,0.750000,14.86,14.86,14.86,14.58,-0.25,0.75
"Gansbaai GW2",117494,0.500000,DAP,Mk10,06:00:00 29-Jul-2012,6,,,,100.000000,14.899445,14.575001,15.275001,1.750000,14.70,14.70,14.70,14.58,-0.25,1.75
"Gansbaai GW2",117494,0.500000,DAP,Mk10,12:00:00 29-Jul-2012,-18,,,,100.000000,15.203056,14.975000,15.375001,1.250000,15.19,15.19,15.19,14.98,-0.25,1.25
"Gansbaai GW2",117494,0.500000,DAP,Mk10,18:00:00 29-Jul-2012,-18,,,,,,,,,,,,15.18,0.75,2.25
"Gansbaai GW2",117494,0.500000,DAP,Mk10,00:00:00 30-Jul-2012,-18,,,,100.000000,5.752362,4.425001,8.375001,0.000000,5.75,5.75,5.75,4.43,-0.25,0.25
